"word"	"syll_seq"	"syll_text"	"syll_dscr"
"cfCDik-qk"	"1"	"cf"	"handshape"
"cfCDik-qk"	"2"	"CD"	"location"
"cfCDik-qk"	"3"	"ik"	"palm_facing"
"cfCDik-qk"	"4"	"-"	"syllable_separator"
"cfCDik-qk"	"5"	"qk"	"movement"
"cffnCik-hv"	"1"	"cffn"	"handshape"
"cffnCik-hv"	"2"	"C"	"location"
"cffnCik-hv"	"3"	"ik"	"palm_facing"
"cffnCik-hv"	"4"	"-"	"syllable_separator"
"cffnCik-hv"	"5"	"hv"	"movement"
"cffnik-hkv"	"1"	"cffn"	"handshape"
"cffnik-hkv"	"2"	"ik"	"palm_facing"
"cffnik-hkv"	"3"	"-"	"syllable_separator"
"cffnik-hkv"	"4"	"hkv"	"movement"
"cffnik-qe"	"1"	"cffn"	"handshape"
"cffnik-qe"	"2"	"ik"	"palm_facing"
"cffnik-qe"	"3"	"-"	"syllable_separator"
"cffnik-qe"	"4"	"qe"	"movement"
"cffnik-qy-cn"	"1"	"cffn"	"handshape"
"cffnik-qy-cn"	"2"	"ik"	"palm_facing"
"cffnik-qy-cn"	"3"	"-"	"syllable_separator"
"cffnik-qy-cn"	"4"	"qy"	"movement"
"cffnik-qy-cn"	"5"	"-"	"syllable_separator"
"cffnik-qy-cn"	"6"	"cn"	"handshape"
"cffnik-Thvcz"	"1"	"cffn"	"handshape"
"cffnik-Thvcz"	"2"	"ik"	"palm_facing"
"cffnik-Thvcz"	"3"	"-"	"syllable_separator"
"cffnik-Thvcz"	"4"	"Thvc"	"movement"
"cffnik-Thvcz"	"5"	"z"	"repetition"
"cffnWKDiM-hv-qk-qy"	"1"	"cffn"	"handshape"
"cffnWKDiM-hv-qk-qy"	"2"	"WKD"	"location"
"cffnWKDiM-hv-qk-qy"	"3"	"iM"	"palm_facing"
"cffnWKDiM-hv-qk-qy"	"4"	"-"	"syllable_separator"
"cffnWKDiM-hv-qk-qy"	"5"	"hv"	"movement"
"cffnWKDiM-hv-qk-qy"	"6"	"-"	"syllable_separator"
"cffnWKDiM-hv-qk-qy"	"7"	"qk"	"movement"
"cffnWKDiM-hv-qk-qy"	"8"	"-"	"syllable_separator"
"cffnWKDiM-hv-qk-qy"	"9"	"qy"	"movement"
"CfnCh^DM-qv-rfn"	"1"	"cfn"	"handshape"
"CfnCh^DM-qv-rfn"	"2"	"Ch^D"	"location"
"CfnCh^DM-qv-rfn"	"3"	"M"	"palm_facing"
"CfnCh^DM-qv-rfn"	"4"	"-"	"syllable_separator"
"CfnCh^DM-qv-rfn"	"5"	"qv"	"movement"
"CfnCh^DM-qv-rfn"	"6"	"-"	"syllable_separator"
"CfnCh^DM-qv-rfn"	"7"	"rfn"	"handshape"
"cfnCik-qo-iM"	"1"	"cfn"	"handshape"
"cfnCik-qo-iM"	"2"	"C"	"location"
"cfnCik-qo-iM"	"3"	"ik"	"palm_facing"
"cfnCik-qo-iM"	"4"	"-"	"syllable_separator"
"cfnCik-qo-iM"	"5"	"qo"	"movement"
"cfnCik-qo-iM"	"6"	"-"	"syllable_separator"
"cfnCik-qo-iM"	"7"	"iM"	"palm_facing"
"cfnDiM-pq^"	"1"	"cfn"	"handshape"
"cfnDiM-pq^"	"2"	"D"	"location"
"cfnDiM-pq^"	"3"	"iM"	"palm_facing"
"cfnDiM-pq^"	"4"	"-"	"syllable_separator"
"cfnDiM-pq^"	"5"	"pq^"	"movement"
"cfnikHh^-qvhvzp"	"1"	"cfn"	"handshape"
"cfnikHh^-qvhvzp"	"2"	"ik"	"palm_facing"
"cfnikHh^-qvhvzp"	"3"	"Hh^"	"hand_offset"
"cfnikHh^-qvhvzp"	"4"	"-"	"syllable_separator"
"cfnikHh^-qvhvzp"	"5"	"qvhv"	"movement"
"cfnikHh^-qvhvzp"	"6"	"zp"	"none"
"cfniM-D"	"1"	"cfn"	"handshape"
"cfniM-D"	"2"	"iM"	"palm_facing"
"cfniM-D"	"3"	"-"	"syllable_separator"
"cfniM-D"	"4"	"D"	"movement"
"cfnM-qe"	"1"	"cfn"	"handshape"
"cfnM-qe"	"2"	"M"	"palm_facing"
"cfnM-qe"	"3"	"-"	"syllable_separator"
"cfnM-qe"	"4"	"qe"	"movement"
"cfnM-qyzhv"	"1"	"cfn"	"handshape"
"cfnM-qyzhv"	"2"	"M"	"palm_facing"
"cfnM-qyzhv"	"3"	"-"	"syllable_separator"
"cfnM-qyzhv"	"4"	"qy"	"movement"
"cfnM-qyzhv"	"5"	"zhv"	"repetition"
"cfnWDiM-q^-ik"	"1"	"cfn"	"handshape"
"cfnWDiM-q^-ik"	"2"	"WD"	"location"
"cfnWDiM-q^-ik"	"3"	"iM"	"palm_facing"
"cfnWDiM-q^-ik"	"4"	"-"	"syllable_separator"
"cfnWDiM-q^-ik"	"5"	"q^"	"movement"
"cfnWDiM-q^-ik"	"6"	"-"	"syllable_separator"
"cfnWDiM-q^-ik"	"7"	"ik"	"palm_facing"
"cfnWiM-D"	"1"	"cfn"	"handshape"
"cfnWiM-D"	"2"	"W"	"location"
"cfnWiM-D"	"3"	"iM"	"palm_facing"
"cfnWiM-D"	"4"	"-"	"syllable_separator"
"cfnWiM-D"	"5"	"D"	"movement"
"cfnWM-D"	"1"	"cfn"	"handshape"
"cfnWM-D"	"2"	"W"	"location"
"cfnWM-D"	"3"	"M"	"palm_facing"
"cfnWM-D"	"4"	"-"	"syllable_separator"
"cfnWM-D"	"5"	"D"	"movement"
"cfufnM-qe"	"1"	"cfufn"	"handshape"
"cfufnM-qe"	"2"	"M"	"palm_facing"
"cfufnM-qe"	"3"	"-"	"syllable_separator"
"cfufnM-qe"	"4"	"qe"	"movement"
"cfWKik-D"	"1"	"cf"	"handshape"
"cfWKik-D"	"2"	"WK"	"location"
"cfWKik-D"	"3"	"ik"	"palm_facing"
"cfWKik-D"	"4"	"-"	"syllable_separator"
"cfWKik-D"	"5"	"D"	"movement"
"clCDM-hv"	"1"	"cl"	"handshape"
"clCDM-hv"	"2"	"CD"	"location"
"clCDM-hv"	"3"	"M"	"palm_facing"
"clCDM-hv"	"4"	"-"	"syllable_separator"
"clCDM-hv"	"5"	"hv"	"movement"
"clCDM-q^z"	"1"	"cl"	"handshape"
"clCDM-q^z"	"2"	"CD"	"location"
"clCDM-q^z"	"3"	"M"	"palm_facing"
"clCDM-q^z"	"4"	"-"	"syllable_separator"
"clCDM-q^z"	"5"	"q^"	"movement"
"clCDM-q^z"	"6"	"z"	"repetition"
"clCik-Dzqk"	"1"	"cl"	"handshape"
"clCik-Dzqk"	"2"	"C"	"location"
"clCik-Dzqk"	"3"	"ik"	"palm_facing"
"clCik-Dzqk"	"4"	"-"	"syllable_separator"
"clCik-Dzqk"	"5"	"D"	"movement"
"clCik-Dzqk"	"6"	"zqk"	"repetition"
"clCKDik-h^z"	"1"	"cl"	"handshape"
"clCKDik-h^z"	"2"	"CKD"	"location"
"clCKDik-h^z"	"3"	"ik"	"palm_facing"
"clCKDik-h^z"	"4"	"-"	"syllable_separator"
"clCKDik-h^z"	"5"	"h^"	"movement"
"clCKDik-h^z"	"6"	"z"	"repetition"
"clCKDik-hv"	"1"	"cl"	"handshape"
"clCKDik-hv"	"2"	"CKD"	"location"
"clCKDik-hv"	"3"	"ik"	"palm_facing"
"clCKDik-hv"	"4"	"-"	"syllable_separator"
"clCKDik-hv"	"5"	"hv"	"movement"
"clCKDik-q^"	"1"	"cl"	"handshape"
"clCKDik-q^"	"2"	"CKD"	"location"
"clCKDik-q^"	"3"	"ik"	"palm_facing"
"clCKDik-q^"	"4"	"-"	"syllable_separator"
"clCKDik-q^"	"5"	"q^"	"movement"
"clCKik-D"	"1"	"cl"	"handshape"
"clCKik-D"	"2"	"CK"	"location"
"clCKik-D"	"3"	"ik"	"palm_facing"
"clCKik-D"	"4"	"-"	"syllable_separator"
"clCKik-D"	"5"	"D"	"movement"
"cliM-qoz"	"1"	"cl"	"handshape"
"cliM-qoz"	"2"	"iM"	"palm_facing"
"cliM-qoz"	"3"	"-"	"syllable_separator"
"cliM-qoz"	"4"	"qo"	"movement"
"cliM-qoz"	"5"	"z"	"repetition"
"clKik-Dzqy"	"1"	"cl"	"handshape"
"clKik-Dzqy"	"2"	"K"	"location"
"clKik-Dzqy"	"3"	"ik"	"palm_facing"
"clKik-Dzqy"	"4"	"-"	"syllable_separator"
"clKik-Dzqy"	"5"	"D"	"movement"
"clKik-Dzqy"	"6"	"zqy"	"repetition"
"cllnCik-h^"	"1"	"clln"	"handshape"
"cllnCik-h^"	"2"	"C"	"location"
"cllnCik-h^"	"3"	"ik"	"palm_facing"
"cllnCik-h^"	"4"	"-"	"syllable_separator"
"cllnCik-h^"	"5"	"h^"	"movement"
"cllnik-hvz"	"1"	"clln"	"handshape"
"cllnik-hvz"	"2"	"ik"	"palm_facing"
"cllnik-hvz"	"3"	"-"	"syllable_separator"
"cllnik-hvz"	"4"	"hv"	"movement"
"cllnik-hvz"	"5"	"z"	"repetition"
"cllnik-hvzqy"	"1"	"clln"	"handshape"
"cllnik-hvzqy"	"2"	"ik"	"palm_facing"
"cllnik-hvzqy"	"3"	"-"	"syllable_separator"
"cllnik-hvzqy"	"4"	"hv"	"movement"
"cllnik-hvzqy"	"5"	"zqy"	"repetition"
"cllnKik-hvry"	"1"	"clln"	"handshape"
"cllnKik-hvry"	"2"	"K"	"location"
"cllnKik-hvry"	"3"	"ik"	"palm_facing"
"cllnKik-hvry"	"4"	"-"	"syllable_separator"
"cllnKik-hvry"	"5"	"hvry"	"movement"
"cllnM-hkv"	"1"	"clln"	"handshape"
"cllnM-hkv"	"2"	"M"	"palm_facing"
"cllnM-hkv"	"3"	"-"	"syllable_separator"
"cllnM-hkv"	"4"	"hkv"	"movement"
"cllnM-q^-cn"	"1"	"clln"	"handshape"
"cllnM-q^-cn"	"2"	"M"	"palm_facing"
"cllnM-q^-cn"	"3"	"-"	"syllable_separator"
"cllnM-q^-cn"	"4"	"q^"	"movement"
"cllnM-q^-cn"	"5"	"-"	"syllable_separator"
"cllnM-q^-cn"	"6"	"cn"	"handshape"
"cllnM-q^-qv"	"1"	"clln"	"handshape"
"cllnM-q^-qv"	"2"	"M"	"palm_facing"
"cllnM-q^-qv"	"3"	"-"	"syllable_separator"
"cllnM-q^-qv"	"4"	"q^"	"movement"
"cllnM-q^-qv"	"5"	"-"	"syllable_separator"
"cllnM-q^-qv"	"6"	"qv"	"movement"
"cllnM-qe"	"1"	"clln"	"handshape"
"cllnM-qe"	"2"	"M"	"palm_facing"
"cllnM-qe"	"3"	"-"	"syllable_separator"
"cllnM-qe"	"4"	"qe"	"movement"
"cllnWDik-D--cllnikHh^-pq^"	"1"	"clln"	"handshape"
"cllnWDik-D--cllnikHh^-pq^"	"2"	"WD"	"location"
"cllnWDik-D--cllnikHh^-pq^"	"3"	"ik"	"palm_facing"
"cllnWDik-D--cllnikHh^-pq^"	"4"	"-"	"syllable_separator"
"cllnWDik-D--cllnikHh^-pq^"	"5"	"D"	"movement"
"cllnWDik-D--cllnikHh^-pq^"	"6"	"-"	"syllable_separator"
"cllnWDik-D--cllnikHh^-pq^"	"7"	"-"	"word_separator"
"cllnWDik-D--cllnikHh^-pq^"	"8"	"clln"	"handshape"
"cllnWDik-D--cllnikHh^-pq^"	"9"	"ik"	"palm_facing"
"cllnWDik-D--cllnikHh^-pq^"	"10"	"Hh^"	"hand_offset"
"cllnWDik-D--cllnikHh^-pq^"	"11"	"-"	"syllable_separator"
"cllnWDik-D--cllnikHh^-pq^"	"12"	"pq^"	"movement"
"cllnWDM-hvz"	"1"	"clln"	"handshape"
"cllnWDM-hvz"	"2"	"WD"	"location"
"cllnWDM-hvz"	"3"	"M"	"palm_facing"
"cllnWDM-hvz"	"4"	"-"	"syllable_separator"
"cllnWDM-hvz"	"5"	"hv"	"movement"
"cllnWDM-hvz"	"6"	"z"	"repetition"
"cllnWKDiM-hkv"	"1"	"clln"	"handshape"
"cllnWKDiM-hkv"	"2"	"WKD"	"location"
"cllnWKDiM-hkv"	"3"	"iM"	"palm_facing"
"cllnWKDiM-hkv"	"4"	"-"	"syllable_separator"
"cllnWKDiM-hkv"	"5"	"hkv"	"movement"
"CllnWKDiM-hv"	"1"	"clln"	"handshape"
"CllnWKDiM-hv"	"2"	"WKD"	"location"
"CllnWKDiM-hv"	"3"	"iM"	"palm_facing"
"CllnWKDiM-hv"	"4"	"-"	"syllable_separator"
"CllnWKDiM-hv"	"5"	"hv"	"movement"
"clM-qe"	"1"	"cl"	"handshape"
"clM-qe"	"2"	"M"	"palm_facing"
"clM-qe"	"3"	"-"	"syllable_separator"
"clM-qe"	"4"	"qe"	"movement"
"clnCDik-q^"	"1"	"cln"	"handshape"
"clnCDik-q^"	"2"	"CD"	"location"
"clnCDik-q^"	"3"	"ik"	"palm_facing"
"clnCDik-q^"	"4"	"-"	"syllable_separator"
"clnCDik-q^"	"5"	"q^"	"movement"
"clnCDiM-pk^qy^zq^"	"1"	"cln"	"handshape"
"clnCDiM-pk^qy^zq^"	"2"	"CD"	"location"
"clnCDiM-pk^qy^zq^"	"3"	"iM"	"palm_facing"
"clnCDiM-pk^qy^zq^"	"4"	"-"	"syllable_separator"
"clnCDiM-pk^qy^zq^"	"5"	"pk^qy^"	"movement"
"clnCDiM-pk^qy^zq^"	"6"	"zq^"	"repetition"
"clnCDiM-q^"	"1"	"cln"	"handshape"
"clnCDiM-q^"	"2"	"CD"	"location"
"clnCDiM-q^"	"3"	"iM"	"palm_facing"
"clnCDiM-q^"	"4"	"-"	"syllable_separator"
"clnCDiM-q^"	"5"	"q^"	"movement"
"clnCDiM-qyq^zq^"	"1"	"cln"	"handshape"
"clnCDiM-qyq^zq^"	"2"	"CD"	"location"
"clnCDiM-qyq^zq^"	"3"	"iM"	"palm_facing"
"clnCDiM-qyq^zq^"	"4"	"-"	"syllable_separator"
"clnCDiM-qyq^zq^"	"5"	"qyq^"	"movement"
"clnCDiM-qyq^zq^"	"6"	"zq^"	"repetition"
"clnCiM-D"	"1"	"cln"	"handshape"
"clnCiM-D"	"2"	"C"	"location"
"clnCiM-D"	"3"	"iM"	"palm_facing"
"clnCiM-D"	"4"	"-"	"syllable_separator"
"clnCiM-D"	"5"	"D"	"movement"
"clnCM-Dzqv"	"1"	"cln"	"handshape"
"clnCM-Dzqv"	"2"	"C"	"location"
"clnCM-Dzqv"	"3"	"M"	"palm_facing"
"clnCM-Dzqv"	"4"	"-"	"syllable_separator"
"clnCM-Dzqv"	"5"	"D"	"movement"
"clnCM-Dzqv"	"6"	"zqv"	"repetition"
"clnik-q^"	"1"	"cln"	"handshape"
"clnik-q^"	"2"	"ik"	"palm_facing"
"clnik-q^"	"3"	"-"	"syllable_separator"
"clnik-q^"	"4"	"q^"	"movement"
"clnik-qk"	"1"	"cln"	"handshape"
"clnik-qk"	"2"	"ik"	"palm_facing"
"clnik-qk"	"3"	"-"	"syllable_separator"
"clnik-qk"	"4"	"qk"	"movement"
"clnik-Thv"	"1"	"cln"	"handshape"
"clnik-Thv"	"2"	"ik"	"palm_facing"
"clnik-Thv"	"3"	"-"	"syllable_separator"
"clnik-Thv"	"4"	"Thv"	"movement"
"clniU-pqo"	"1"	"cln"	"handshape"
"clniU-pqo"	"2"	"iU"	"palm_facing"
"clniU-pqo"	"3"	"-"	"syllable_separator"
"clniU-pqo"	"4"	"pqo"	"movement"
"clniU-qo"	"1"	"cln"	"handshape"
"clniU-qo"	"2"	"iU"	"palm_facing"
"clniU-qo"	"3"	"-"	"syllable_separator"
"clniU-qo"	"4"	"qo"	"movement"
"clnlCDM-qoz"	"1"	"clnl"	"handshape"
"clnlCDM-qoz"	"2"	"CD"	"location"
"clnlCDM-qoz"	"3"	"M"	"palm_facing"
"clnlCDM-qoz"	"4"	"-"	"syllable_separator"
"clnlCDM-qoz"	"5"	"qo"	"movement"
"clnlCDM-qoz"	"6"	"z"	"repetition"
"clnlM-qe"	"1"	"clnl"	"handshape"
"clnlM-qe"	"2"	"M"	"palm_facing"
"clnlM-qe"	"3"	"-"	"syllable_separator"
"clnlM-qe"	"4"	"qe"	"movement"
"clnM-pq^-U"	"1"	"cln"	"handshape"
"clnM-pq^-U"	"2"	"M"	"palm_facing"
"clnM-pq^-U"	"3"	"-"	"syllable_separator"
"clnM-pq^-U"	"4"	"pq^"	"movement"
"clnM-pq^-U"	"5"	"-"	"syllable_separator"
"clnM-pq^-U"	"6"	"U"	"palm_facing"
"clnM-qe"	"1"	"cln"	"handshape"
"clnM-qe"	"2"	"M"	"palm_facing"
"clnM-qe"	"3"	"-"	"syllable_separator"
"clnM-qe"	"4"	"qe"	"movement"
"clnMTqkx-qy"	"1"	"cln"	"handshape"
"clnMTqkx-qy"	"2"	"M"	"palm_facing"
"clnMTqkx-qy"	"3"	"Tqkx"	"hand_offset"
"clnMTqkx-qy"	"4"	"-"	"syllable_separator"
"clnMTqkx-qy"	"5"	"qy"	"movement"
"clulnCiM-q^"	"1"	"cluln"	"handshape"
"clulnCiM-q^"	"2"	"C"	"location"
"clulnCiM-q^"	"3"	"iM"	"palm_facing"
"clulnCiM-q^"	"4"	"-"	"syllable_separator"
"clulnCiM-q^"	"5"	"q^"	"movement"
"clulnCiM-q^zp"	"1"	"cluln"	"handshape"
"clulnCiM-q^zp"	"2"	"C"	"location"
"clulnCiM-q^zp"	"3"	"iM"	"palm_facing"
"clulnCiM-q^zp"	"4"	"-"	"syllable_separator"
"clulnCiM-q^zp"	"5"	"q^"	"movement"
"clulnCiM-q^zp"	"6"	"zp"	"none"
"clulnCM-pqe-cfufn"	"1"	"cluln"	"handshape"
"clulnCM-pqe-cfufn"	"2"	"C"	"location"
"clulnCM-pqe-cfufn"	"3"	"M"	"palm_facing"
"clulnCM-pqe-cfufn"	"4"	"-"	"syllable_separator"
"clulnCM-pqe-cfufn"	"5"	"pqe"	"movement"
"clulnCM-pqe-cfufn"	"6"	"-"	"syllable_separator"
"clulnCM-pqe-cfufn"	"7"	"cfufn"	"handshape"
"clulnM-qe"	"1"	"cluln"	"handshape"
"clulnM-qe"	"2"	"M"	"palm_facing"
"clulnM-qe"	"3"	"-"	"syllable_separator"
"clulnM-qe"	"4"	"qe"	"movement"
"clululnM-qe"	"1"	"clululn"	"handshape"
"clululnM-qe"	"2"	"M"	"palm_facing"
"clululnM-qe"	"3"	"-"	"syllable_separator"
"clululnM-qe"	"4"	"qe"	"movement"
"cluM-qe"	"1"	"clu"	"handshape"
"cluM-qe"	"2"	"M"	"palm_facing"
"cluM-qe"	"3"	"-"	"syllable_separator"
"cluM-qe"	"4"	"qe"	"movement"
"clWDik-q^"	"1"	"cl"	"handshape"
"clWDik-q^"	"2"	"WD"	"location"
"clWDik-q^"	"3"	"ik"	"palm_facing"
"clWDik-q^"	"4"	"-"	"syllable_separator"
"clWDik-q^"	"5"	"q^"	"movement"
"clWDU-qy"	"1"	"cl"	"handshape"
"clWDU-qy"	"2"	"WD"	"location"
"clWDU-qy"	"3"	"U"	"palm_facing"
"clWDU-qy"	"4"	"-"	"syllable_separator"
"clWDU-qy"	"5"	"qy"	"movement"
"clWik-D--clWqvM-D"	"1"	"cl"	"handshape"
"clWik-D--clWqvM-D"	"2"	"W"	"location"
"clWik-D--clWqvM-D"	"3"	"ik"	"palm_facing"
"clWik-D--clWqvM-D"	"4"	"-"	"syllable_separator"
"clWik-D--clWqvM-D"	"5"	"D"	"movement"
"clWik-D--clWqvM-D"	"6"	"-"	"syllable_separator"
"clWik-D--clWqvM-D"	"7"	"-"	"word_separator"
"clWik-D--clWqvM-D"	"8"	"cl"	"handshape"
"clWik-D--clWqvM-D"	"9"	"Wqv"	"location"
"clWik-D--clWqvM-D"	"10"	"M"	"palm_facing"
"clWik-D--clWqvM-D"	"11"	"-"	"syllable_separator"
"clWik-D--clWqvM-D"	"12"	"D"	"movement"
"clWik-Dzqk"	"1"	"cl"	"handshape"
"clWik-Dzqk"	"2"	"W"	"location"
"clWik-Dzqk"	"3"	"ik"	"palm_facing"
"clWik-Dzqk"	"4"	"-"	"syllable_separator"
"clWik-Dzqk"	"5"	"D"	"movement"
"clWik-Dzqk"	"6"	"zqk"	"repetition"
"clWKik-D"	"1"	"cl"	"handshape"
"clWKik-D"	"2"	"WK"	"location"
"clWKik-D"	"3"	"ik"	"palm_facing"
"clWKik-D"	"4"	"-"	"syllable_separator"
"clWKik-D"	"5"	"D"	"movement"
"clWKM-Dz"	"1"	"cl"	"handshape"
"clWKM-Dz"	"2"	"WK"	"location"
"clWKM-Dz"	"3"	"M"	"palm_facing"
"clWKM-Dz"	"4"	"-"	"syllable_separator"
"clWKM-Dz"	"5"	"D"	"movement"
"clWKM-Dz"	"6"	"z"	"repetition"
"cnCKhvDik-hvz"	"1"	"cn"	"handshape"
"cnCKhvDik-hvz"	"2"	"CKhvD"	"location"
"cnCKhvDik-hvz"	"3"	"ik"	"palm_facing"
"cnCKhvDik-hvz"	"4"	"-"	"syllable_separator"
"cnCKhvDik-hvz"	"5"	"hv"	"movement"
"cnCKhvDik-hvz"	"6"	"z"	"repetition"
"CnCM-Dz"	"1"	"cn"	"handshape"
"CnCM-Dz"	"2"	"C"	"location"
"CnCM-Dz"	"3"	"M"	"palm_facing"
"CnCM-Dz"	"4"	"-"	"syllable_separator"
"CnCM-Dz"	"5"	"D"	"movement"
"CnCM-Dz"	"6"	"z"	"repetition"
"cnikThv-h^q^"	"1"	"cn"	"handshape"
"cnikThv-h^q^"	"2"	"ik"	"palm_facing"
"cnikThv-h^q^"	"3"	"Thv"	"hand_offset"
"cnikThv-h^q^"	"4"	"-"	"syllable_separator"
"cnikThv-h^q^"	"5"	"h^q^"	"movement"
"cniM-q^hvz"	"1"	"cn"	"handshape"
"cniM-q^hvz"	"2"	"iM"	"palm_facing"
"cniM-q^hvz"	"3"	"-"	"syllable_separator"
"cniM-q^hvz"	"4"	"q^hv"	"movement"
"cniM-q^hvz"	"5"	"z"	"repetition"
"cnM-qe"	"1"	"cn"	"handshape"
"cnM-qe"	"2"	"M"	"palm_facing"
"cnM-qe"	"3"	"-"	"syllable_separator"
"cnM-qe"	"4"	"qe"	"movement"
"cnnfCh^iM-Dz"	"1"	"cnnf"	"handshape"
"cnnfCh^iM-Dz"	"2"	"Ch^"	"location"
"cnnfCh^iM-Dz"	"3"	"iM"	"palm_facing"
"cnnfCh^iM-Dz"	"4"	"-"	"syllable_separator"
"cnnfCh^iM-Dz"	"5"	"D"	"movement"
"cnnfCh^iM-Dz"	"6"	"z"	"repetition"
"cnnfM-qo"	"1"	"cnnf"	"handshape"
"cnnfM-qo"	"2"	"M"	"palm_facing"
"cnnfM-qo"	"3"	"-"	"syllable_separator"
"cnnfM-qo"	"4"	"qo"	"movement"
"cnnfWDiM-hkvzq^"	"1"	"cnnf"	"handshape"
"cnnfWDiM-hkvzq^"	"2"	"WD"	"location"
"cnnfWDiM-hkvzq^"	"3"	"iM"	"palm_facing"
"cnnfWDiM-hkvzq^"	"4"	"-"	"syllable_separator"
"cnnfWDiM-hkvzq^"	"5"	"hkv"	"movement"
"cnnfWDiM-hkvzq^"	"6"	"zq^"	"repetition"
"cnnfWDiM-hvzq^"	"1"	"cnnf"	"handshape"
"cnnfWDiM-hvzq^"	"2"	"WD"	"location"
"cnnfWDiM-hvzq^"	"3"	"iM"	"palm_facing"
"cnnfWDiM-hvzq^"	"4"	"-"	"syllable_separator"
"cnnfWDiM-hvzq^"	"5"	"hv"	"movement"
"cnnfWDiM-hvzq^"	"6"	"zq^"	"repetition"
"cnnfWDiM-q^"	"1"	"cnnf"	"handshape"
"cnnfWDiM-q^"	"2"	"WD"	"location"
"cnnfWDiM-q^"	"3"	"iM"	"palm_facing"
"cnnfWDiM-q^"	"4"	"-"	"syllable_separator"
"cnnfWDiM-q^"	"5"	"q^"	"movement"
"CnnfWKDiM-hv-qk-qy"	"1"	"cnnf"	"handshape"
"CnnfWKDiM-hv-qk-qy"	"2"	"WKD"	"location"
"CnnfWKDiM-hv-qk-qy"	"3"	"iM"	"palm_facing"
"CnnfWKDiM-hv-qk-qy"	"4"	"-"	"syllable_separator"
"CnnfWKDiM-hv-qk-qy"	"5"	"hv"	"movement"
"CnnfWKDiM-hv-qk-qy"	"6"	"-"	"syllable_separator"
"CnnfWKDiM-hv-qk-qy"	"7"	"qk"	"movement"
"CnnfWKDiM-hv-qk-qy"	"8"	"-"	"syllable_separator"
"CnnfWKDiM-hv-qk-qy"	"9"	"qy"	"movement"
"cnnlCik-q^zp"	"1"	"cnnl"	"handshape"
"cnnlCik-q^zp"	"2"	"C"	"location"
"cnnlCik-q^zp"	"3"	"ik"	"palm_facing"
"cnnlCik-q^zp"	"4"	"-"	"syllable_separator"
"cnnlCik-q^zp"	"5"	"q^"	"movement"
"cnnlCik-q^zp"	"6"	"zp"	"none"
"cnnlM-qe"	"1"	"cnnl"	"handshape"
"cnnlM-qe"	"2"	"M"	"palm_facing"
"cnnlM-qe"	"3"	"-"	"syllable_separator"
"cnnlM-qe"	"4"	"qe"	"movement"
"cnnlM-qkz"	"1"	"cnnl"	"handshape"
"cnnlM-qkz"	"2"	"M"	"palm_facing"
"cnnlM-qkz"	"3"	"-"	"syllable_separator"
"cnnlM-qkz"	"4"	"qk"	"movement"
"cnnlM-qkz"	"5"	"z"	"repetition"
"ctlnM-qe"	"1"	"ctln"	"handshape"
"ctlnM-qe"	"2"	"M"	"palm_facing"
"ctlnM-qe"	"3"	"-"	"syllable_separator"
"ctlnM-qe"	"4"	"qe"	"movement"
"fffrnM-qe"	"1"	"fffrn"	"handshape"
"fffrnM-qe"	"2"	"M"	"palm_facing"
"fffrnM-qe"	"3"	"-"	"syllable_separator"
"fffrnM-qe"	"4"	"qe"	"movement"
"FfrfCM-qo-ikz"	"1"	"ffrf"	"handshape"
"FfrfCM-qo-ikz"	"2"	"C"	"location"
"FfrfCM-qo-ikz"	"3"	"M"	"palm_facing"
"FfrfCM-qo-ikz"	"4"	"-"	"syllable_separator"
"FfrfCM-qo-ikz"	"5"	"qo"	"movement"
"FfrfCM-qo-ikz"	"6"	"-"	"syllable_separator"
"FfrfCM-qo-ikz"	"7"	"ik"	"palm_facing"
"FfrfCM-qo-ikz"	"8"	"z"	"repetition"
"ffrfM-h^-hv"	"1"	"ffrf"	"handshape"
"ffrfM-h^-hv"	"2"	"M"	"palm_facing"
"ffrfM-h^-hv"	"3"	"-"	"syllable_separator"
"ffrfM-h^-hv"	"4"	"h^"	"movement"
"ffrfM-h^-hv"	"5"	"-"	"syllable_separator"
"ffrfM-h^-hv"	"6"	"hv"	"movement"
"ffrfM-qe"	"1"	"ffrf"	"handshape"
"ffrfM-qe"	"2"	"M"	"palm_facing"
"ffrfM-qe"	"3"	"-"	"syllable_separator"
"ffrfM-qe"	"4"	"qe"	"movement"
"ffrfM-qy"	"1"	"ffrf"	"handshape"
"ffrfM-qy"	"2"	"M"	"palm_facing"
"ffrfM-qy"	"3"	"-"	"syllable_separator"
"ffrfM-qy"	"4"	"qy"	"movement"
"FfrfWDiM-hkv"	"1"	"ffrf"	"handshape"
"FfrfWDiM-hkv"	"2"	"WD"	"location"
"FfrfWDiM-hkv"	"3"	"iM"	"palm_facing"
"FfrfWDiM-hkv"	"4"	"-"	"syllable_separator"
"FfrfWDiM-hkv"	"5"	"hkv"	"movement"
"ffrnM-qe"	"1"	"ffrn"	"handshape"
"ffrnM-qe"	"2"	"M"	"palm_facing"
"ffrnM-qe"	"3"	"-"	"syllable_separator"
"ffrnM-qe"	"4"	"qe"	"movement"
"frnM-qe"	"1"	"frn"	"handshape"
"frnM-qe"	"2"	"M"	"palm_facing"
"frnM-qe"	"3"	"-"	"syllable_separator"
"frnM-qe"	"4"	"qe"	"movement"
"h^"	"1"	"h^"	"eyeword"
"hv"	"1"	"hv"	"eyeword"
"jfCDU-qo-iM"	"1"	"jf"	"handshape"
"jfCDU-qo-iM"	"2"	"CD"	"location"
"jfCDU-qo-iM"	"3"	"U"	"palm_facing"
"jfCDU-qo-iM"	"4"	"-"	"syllable_separator"
"jfCDU-qo-iM"	"5"	"qo"	"movement"
"jfCDU-qo-iM"	"6"	"-"	"syllable_separator"
"jfCDU-qo-iM"	"7"	"iM"	"palm_facing"
"jfCh^iM-qo-ikz"	"1"	"jf"	"handshape"
"jfCh^iM-qo-ikz"	"2"	"Ch^"	"location"
"jfCh^iM-qo-ikz"	"3"	"iM"	"palm_facing"
"jfCh^iM-qo-ikz"	"4"	"-"	"syllable_separator"
"jfCh^iM-qo-ikz"	"5"	"qo"	"movement"
"jfCh^iM-qo-ikz"	"6"	"-"	"syllable_separator"
"jfCh^iM-qo-ikz"	"7"	"ik"	"palm_facing"
"jfCh^iM-qo-ikz"	"8"	"z"	"repetition"
"jfCik-D--pljU-jfik-Thy"	"1"	"jf"	"handshape"
"jfCik-D--pljU-jfik-Thy"	"2"	"C"	"location"
"jfCik-D--pljU-jfik-Thy"	"3"	"ik"	"palm_facing"
"jfCik-D--pljU-jfik-Thy"	"4"	"-"	"syllable_separator"
"jfCik-D--pljU-jfik-Thy"	"5"	"D"	"movement"
"jfCik-D--pljU-jfik-Thy"	"6"	"-"	"syllable_separator"
"jfCik-D--pljU-jfik-Thy"	"7"	"-"	"word_separator"
"jfCik-D--pljU-jfik-Thy"	"8"	"plj"	"basehand_handshape"
"jfCik-D--pljU-jfik-Thy"	"9"	"U"	"basehand_palm_facing"
"jfCik-D--pljU-jfik-Thy"	"10"	"-"	"syllable_separator"
"jfCik-D--pljU-jfik-Thy"	"11"	"jf"	"handshape"
"jfCik-D--pljU-jfik-Thy"	"12"	"ik"	"palm_facing"
"jfCik-D--pljU-jfik-Thy"	"13"	"-"	"syllable_separator"
"jfCik-D--pljU-jfik-Thy"	"14"	"Thy"	"movement"
"jfCik-h^"	"1"	"jf"	"handshape"
"jfCik-h^"	"2"	"C"	"location"
"jfCik-h^"	"3"	"ik"	"palm_facing"
"jfCik-h^"	"4"	"-"	"syllable_separator"
"jfCik-h^"	"5"	"h^"	"movement"
"jfCiM-qo-ikz"	"1"	"jf"	"handshape"
"jfCiM-qo-ikz"	"2"	"C"	"location"
"jfCiM-qo-ikz"	"3"	"iM"	"palm_facing"
"jfCiM-qo-ikz"	"4"	"-"	"syllable_separator"
"jfCiM-qo-ikz"	"5"	"qo"	"movement"
"jfCiM-qo-ikz"	"6"	"-"	"syllable_separator"
"jfCiM-qo-ikz"	"7"	"ik"	"palm_facing"
"jfCiM-qo-ikz"	"8"	"z"	"repetition"
"jfCKh^DM-hv-U--jlU-q^"	"1"	"jf"	"handshape"
"jfCKh^DM-hv-U--jlU-q^"	"2"	"CKh^D"	"location"
"jfCKh^DM-hv-U--jlU-q^"	"3"	"M"	"palm_facing"
"jfCKh^DM-hv-U--jlU-q^"	"4"	"-"	"syllable_separator"
"jfCKh^DM-hv-U--jlU-q^"	"5"	"hv"	"movement"
"jfCKh^DM-hv-U--jlU-q^"	"6"	"-"	"syllable_separator"
"jfCKh^DM-hv-U--jlU-q^"	"7"	"U"	"palm_facing"
"jfCKh^DM-hv-U--jlU-q^"	"8"	"--"	"word_separator"
"jfCKh^DM-hv-U--jlU-q^"	"9"	"jl"	"handshape"
"jfCKh^DM-hv-U--jlU-q^"	"10"	"U"	"palm_facing"
"jfCKh^DM-hv-U--jlU-q^"	"11"	"-"	"syllable_separator"
"jfCKh^DM-hv-U--jlU-q^"	"12"	"q^"	"movement"
"jfCKhvDik-qe-jnz"	"1"	"jf"	"handshape"
"jfCKhvDik-qe-jnz"	"2"	"CKhvD"	"location"
"jfCKhvDik-qe-jnz"	"3"	"ik"	"palm_facing"
"jfCKhvDik-qe-jnz"	"4"	"-"	"syllable_separator"
"jfCKhvDik-qe-jnz"	"5"	"qe"	"movement"
"jfCKhvDik-qe-jnz"	"6"	"-"	"syllable_separator"
"jfCKhvDik-qe-jnz"	"7"	"jn"	"handshape"
"jfCKhvDik-qe-jnz"	"8"	"z"	"repetition"
"jfCKhvik-D"	"1"	"jf"	"handshape"
"jfCKhvik-D"	"2"	"CKhv"	"location"
"jfCKhvik-D"	"3"	"ik"	"palm_facing"
"jfCKhvik-D"	"4"	"-"	"syllable_separator"
"jfCKhvik-D"	"5"	"D"	"movement"
"jfCKik-D"	"1"	"jf"	"handshape"
"jfCKik-D"	"2"	"CK"	"location"
"jfCKik-D"	"3"	"ik"	"palm_facing"
"jfCKik-D"	"4"	"-"	"syllable_separator"
"jfCKik-D"	"5"	"D"	"movement"
"jfCqviM-D"	"1"	"jf"	"handshape"
"jfCqviM-D"	"2"	"Cqv"	"location"
"jfCqviM-D"	"3"	"iM"	"palm_facing"
"jfCqviM-D"	"4"	"-"	"syllable_separator"
"jfCqviM-D"	"5"	"D"	"movement"
"jfCqviM-qvz"	"1"	"jf"	"handshape"
"jfCqviM-qvz"	"2"	"Cqv"	"location"
"jfCqviM-qvz"	"3"	"iM"	"palm_facing"
"jfCqviM-qvz"	"4"	"-"	"syllable_separator"
"jfCqviM-qvz"	"5"	"qv"	"movement"
"jfCqviM-qvz"	"6"	"z"	"repetition"
"jfDik-qk-iM"	"1"	"jf"	"handshape"
"jfDik-qk-iM"	"2"	"D"	"location"
"jfDik-qk-iM"	"3"	"ik"	"palm_facing"
"jfDik-qk-iM"	"4"	"-"	"syllable_separator"
"jfDik-qk-iM"	"5"	"qk"	"movement"
"jfDik-qk-iM"	"6"	"-"	"syllable_separator"
"jfDik-qk-iM"	"7"	"iM"	"palm_facing"
"jfDiM-hv-iU"	"1"	"jf"	"handshape"
"jfDiM-hv-iU"	"2"	"D"	"location"
"jfDiM-hv-iU"	"3"	"iM"	"palm_facing"
"jfDiM-hv-iU"	"4"	"-"	"syllable_separator"
"jfDiM-hv-iU"	"5"	"hv"	"movement"
"jfDiM-hv-iU"	"6"	"-"	"syllable_separator"
"jfDiM-hv-iU"	"7"	"iU"	"palm_facing"
"jfDiM-q^-rn"	"1"	"jf"	"handshape"
"jfDiM-q^-rn"	"2"	"D"	"location"
"jfDiM-q^-rn"	"3"	"iM"	"palm_facing"
"jfDiM-q^-rn"	"4"	"-"	"syllable_separator"
"jfDiM-q^-rn"	"5"	"q^"	"movement"
"jfDiM-q^-rn"	"6"	"-"	"syllable_separator"
"jfDiM-q^-rn"	"7"	"rn"	"handshape"
"jffnCKhvDiM-hv"	"1"	"jffn"	"handshape"
"jffnCKhvDiM-hv"	"2"	"CKhvD"	"location"
"jffnCKhvDiM-hv"	"3"	"iM"	"palm_facing"
"jffnCKhvDiM-hv"	"4"	"-"	"syllable_separator"
"jffnCKhvDiM-hv"	"5"	"hv"	"movement"
"jffnYh^DiM-hv-qk-qy"	"1"	"jffn"	"handshape"
"jffnYh^DiM-hv-qk-qy"	"2"	"Yh^D"	"location"
"jffnYh^DiM-hv-qk-qy"	"3"	"iM"	"palm_facing"
"jffnYh^DiM-hv-qk-qy"	"4"	"-"	"syllable_separator"
"jffnYh^DiM-hv-qk-qy"	"5"	"hv"	"movement"
"jffnYh^DiM-hv-qk-qy"	"6"	"-"	"syllable_separator"
"jffnYh^DiM-hv-qk-qy"	"7"	"qk"	"movement"
"jffnYh^DiM-hv-qk-qy"	"8"	"-"	"syllable_separator"
"jffnYh^DiM-hv-qk-qy"	"9"	"qy"	"movement"
"jfik-q^-jl"	"1"	"jf"	"handshape"
"jfik-q^-jl"	"2"	"ik"	"palm_facing"
"jfik-q^-jl"	"3"	"-"	"syllable_separator"
"jfik-q^-jl"	"4"	"q^"	"movement"
"jfik-q^-jl"	"5"	"-"	"syllable_separator"
"jfik-q^-jl"	"6"	"jl"	"handshape"
"jfikHh^-hvzq^"	"1"	"jf"	"handshape"
"jfikHh^-hvzq^"	"2"	"ik"	"palm_facing"
"jfikHh^-hvzq^"	"3"	"Hh^"	"hand_offset"
"jfikHh^-hvzq^"	"4"	"-"	"syllable_separator"
"jfikHh^-hvzq^"	"5"	"hv"	"movement"
"jfikHh^-hvzq^"	"6"	"zq^"	"repetition"
"jfikohv-pyqk"	"1"	"jf"	"handshape"
"jfikohv-pyqk"	"2"	"ikohv"	"palm_facing"
"jfikohv-pyqk"	"3"	"-"	"syllable_separator"
"jfikohv-pyqk"	"4"	"pyqk"	"movement"
"jfikTqk-qvzp"	"1"	"jf"	"handshape"
"jfikTqk-qvzp"	"2"	"ik"	"palm_facing"
"jfikTqk-qvzp"	"3"	"Tqk"	"hand_offset"
"jfikTqk-qvzp"	"4"	"-"	"syllable_separator"
"jfikTqk-qvzp"	"5"	"qv"	"movement"
"jfikTqk-qvzp"	"6"	"zp"	"none"
"jfiM-D"	"1"	"jf"	"handshape"
"jfiM-D"	"2"	"iM"	"palm_facing"
"jfiM-D"	"3"	"-"	"syllable_separator"
"jfiM-D"	"4"	"D"	"movement"
"jfKiM-Dzqy"	"1"	"jf"	"handshape"
"jfKiM-Dzqy"	"2"	"K"	"location"
"jfKiM-Dzqy"	"3"	"iM"	"palm_facing"
"jfKiM-Dzqy"	"4"	"-"	"syllable_separator"
"jfKiM-Dzqy"	"5"	"D"	"movement"
"jfKiM-Dzqy"	"6"	"zqy"	"repetition"
"jfM-hv"	"1"	"jf"	"handshape"
"jfM-hv"	"2"	"M"	"palm_facing"
"jfM-hv"	"3"	"-"	"syllable_separator"
"jfM-hv"	"4"	"hv"	"movement"
"jfM-qe"	"1"	"jf"	"handshape"
"jfM-qe"	"2"	"M"	"palm_facing"
"jfM-qe"	"3"	"-"	"syllable_separator"
"jfM-qe"	"4"	"qe"	"movement"
"jfM-qv-ik"	"1"	"jf"	"handshape"
"jfM-qv-ik"	"2"	"M"	"palm_facing"
"jfM-qv-ik"	"3"	"-"	"syllable_separator"
"jfM-qv-ik"	"4"	"qv"	"movement"
"jfM-qv-ik"	"5"	"-"	"syllable_separator"
"jfM-qv-ik"	"6"	"ik"	"palm_facing"
"jfM-qy-ik-hv"	"1"	"jf"	"handshape"
"jfM-qy-ik-hv"	"2"	"M"	"palm_facing"
"jfM-qy-ik-hv"	"3"	"-"	"syllable_separator"
"jfM-qy-ik-hv"	"4"	"qy"	"movement"
"jfM-qy-ik-hv"	"5"	"-"	"syllable_separator"
"jfM-qy-ik-hv"	"6"	"ik"	"palm_facing"
"jfM-qy-ik-hv"	"7"	"-"	"syllable_separator"
"jfM-qy-ik-hv"	"8"	"hv"	"movement"
"jfufnM-qe"	"1"	"jfufn"	"handshape"
"jfufnM-qe"	"2"	"M"	"palm_facing"
"jfufnM-qe"	"3"	"-"	"syllable_separator"
"jfufnM-qe"	"4"	"qe"	"movement"
"jfWDiM-q^-jnnl"	"1"	"jf"	"handshape"
"jfWDiM-q^-jnnl"	"2"	"WD"	"location"
"jfWDiM-q^-jnnl"	"3"	"iM"	"palm_facing"
"jfWDiM-q^-jnnl"	"4"	"-"	"syllable_separator"
"jfWDiM-q^-jnnl"	"5"	"q^"	"movement"
"jfWDiM-q^-jnnl"	"6"	"-"	"syllable_separator"
"jfWDiM-q^-jnnl"	"7"	"jnnl"	"handshape"
"jfWDiM-q^-rn"	"1"	"jf"	"handshape"
"jfWDiM-q^-rn"	"2"	"WD"	"location"
"jfWDiM-q^-rn"	"3"	"iM"	"palm_facing"
"jfWDiM-q^-rn"	"4"	"-"	"syllable_separator"
"jfWDiM-q^-rn"	"5"	"q^"	"movement"
"jfWDiM-q^-rn"	"6"	"-"	"syllable_separator"
"jfWDiM-q^-rn"	"7"	"rn"	"handshape"
"jfWik-Dzhv"	"1"	"jf"	"handshape"
"jfWik-Dzhv"	"2"	"W"	"location"
"jfWik-Dzhv"	"3"	"ik"	"palm_facing"
"jfWik-Dzhv"	"4"	"-"	"syllable_separator"
"jfWik-Dzhv"	"5"	"D"	"movement"
"jfWik-Dzhv"	"6"	"zhv"	"repetition"
"jfWiM-D"	"1"	"jf"	"handshape"
"jfWiM-D"	"2"	"W"	"location"
"jfWiM-D"	"3"	"iM"	"palm_facing"
"jfWiM-D"	"4"	"-"	"syllable_separator"
"jfWiM-D"	"5"	"D"	"movement"
"jfWiM-D--jlU-qy"	"1"	"jf"	"handshape"
"jfWiM-D--jlU-qy"	"2"	"W"	"location"
"jfWiM-D--jlU-qy"	"3"	"iM"	"palm_facing"
"jfWiM-D--jlU-qy"	"4"	"-"	"syllable_separator"
"jfWiM-D--jlU-qy"	"5"	"D"	"movement"
"jfWiM-D--jlU-qy"	"6"	"-"	"syllable_separator"
"jfWiM-D--jlU-qy"	"7"	"-"	"word_separator"
"jfWiM-D--jlU-qy"	"8"	"jl"	"handshape"
"jfWiM-D--jlU-qy"	"9"	"U"	"palm_facing"
"jfWiM-D--jlU-qy"	"10"	"-"	"syllable_separator"
"jfWiM-D--jlU-qy"	"11"	"qy"	"movement"
"jfWiM-Dz"	"1"	"jf"	"handshape"
"jfWiM-Dz"	"2"	"W"	"location"
"jfWiM-Dz"	"3"	"iM"	"palm_facing"
"jfWiM-Dz"	"4"	"-"	"syllable_separator"
"jfWiM-Dz"	"5"	"D"	"movement"
"jfWiM-Dz"	"6"	"z"	"repetition"
"jfWKqvik-Dz"	"1"	"jf"	"handshape"
"jfWKqvik-Dz"	"2"	"WKqv"	"location"
"jfWKqvik-Dz"	"3"	"ik"	"palm_facing"
"jfWKqvik-Dz"	"4"	"-"	"syllable_separator"
"jfWKqvik-Dz"	"5"	"D"	"movement"
"jfWKqvik-Dz"	"6"	"z"	"repetition"
"jfWqviU-D"	"1"	"jf"	"handshape"
"jfWqviU-D"	"2"	"Wqv"	"location"
"jfWqviU-D"	"3"	"iU"	"palm_facing"
"jfWqviU-D"	"4"	"-"	"syllable_separator"
"jfWqviU-D"	"5"	"D"	"movement"
"jlCDiM-qkz"	"1"	"jl"	"handshape"
"jlCDiM-qkz"	"2"	"CD"	"location"
"jlCDiM-qkz"	"3"	"iM"	"palm_facing"
"jlCDiM-qkz"	"4"	"-"	"syllable_separator"
"jlCDiM-qkz"	"5"	"qk"	"movement"
"jlCDiM-qkz"	"6"	"z"	"repetition"
"jlCDiM-qy-rn"	"1"	"jl"	"handshape"
"jlCDiM-qy-rn"	"2"	"CD"	"location"
"jlCDiM-qy-rn"	"3"	"iM"	"palm_facing"
"jlCDiM-qy-rn"	"4"	"-"	"syllable_separator"
"jlCDiM-qy-rn"	"5"	"qy"	"movement"
"jlCDiM-qy-rn"	"6"	"-"	"syllable_separator"
"jlCDiM-qy-rn"	"7"	"rn"	"handshape"
"jlCh^iM-qk"	"1"	"jl"	"handshape"
"jlCh^iM-qk"	"2"	"Ch^"	"location"
"jlCh^iM-qk"	"3"	"iM"	"palm_facing"
"jlCh^iM-qk"	"4"	"-"	"syllable_separator"
"jlCh^iM-qk"	"5"	"qk"	"movement"
"jlCik-Tqkz"	"1"	"jl"	"handshape"
"jlCik-Tqkz"	"2"	"C"	"location"
"jlCik-Tqkz"	"3"	"ik"	"palm_facing"
"jlCik-Tqkz"	"4"	"-"	"syllable_separator"
"jlCik-Tqkz"	"5"	"Tqk"	"movement"
"jlCik-Tqkz"	"6"	"z"	"repetition"
"jlCiM-qv-jf"	"1"	"jl"	"handshape"
"jlCiM-qv-jf"	"2"	"C"	"location"
"jlCiM-qv-jf"	"3"	"iM"	"palm_facing"
"jlCiM-qv-jf"	"4"	"-"	"syllable_separator"
"jlCiM-qv-jf"	"5"	"qv"	"movement"
"jlCiM-qv-jf"	"6"	"-"	"syllable_separator"
"jlCiM-qv-jf"	"7"	"jf"	"handshape"
"jlCKDiM-h^z"	"1"	"jl"	"handshape"
"jlCKDiM-h^z"	"2"	"CKD"	"location"
"jlCKDiM-h^z"	"3"	"iM"	"palm_facing"
"jlCKDiM-h^z"	"4"	"-"	"syllable_separator"
"jlCKDiM-h^z"	"5"	"h^"	"movement"
"jlCKDiM-h^z"	"6"	"z"	"repetition"
"jlCKDiM-h^z--pUi-yfuUHh^-qkvzp"	"1"	"jl"	"handshape"
"jlCKDiM-h^z--pUi-yfuUHh^-qkvzp"	"2"	"CKD"	"location"
"jlCKDiM-h^z--pUi-yfuUHh^-qkvzp"	"3"	"iM"	"palm_facing"
"jlCKDiM-h^z--pUi-yfuUHh^-qkvzp"	"4"	"-"	"syllable_separator"
"jlCKDiM-h^z--pUi-yfuUHh^-qkvzp"	"5"	"h^"	"movement"
"jlCKDiM-h^z--pUi-yfuUHh^-qkvzp"	"6"	"z"	"repetition"
"jlCKDiM-h^z--pUi-yfuUHh^-qkvzp"	"7"	"-"	"syllable_separator"
"jlCKDiM-h^z--pUi-yfuUHh^-qkvzp"	"8"	"-"	"word_separator"
"jlCKDiM-h^z--pUi-yfuUHh^-qkvzp"	"9"	"pUi"	"basehand_palm_facing"
"jlCKDiM-h^z--pUi-yfuUHh^-qkvzp"	"10"	"-"	"syllable_separator"
"jlCKDiM-h^z--pUi-yfuUHh^-qkvzp"	"11"	"yfu"	"handshape"
"jlCKDiM-h^z--pUi-yfuUHh^-qkvzp"	"12"	"U"	"palm_facing"
"jlCKDiM-h^z--pUi-yfuUHh^-qkvzp"	"13"	"Hh^"	"hand_offset"
"jlCKDiM-h^z--pUi-yfuUHh^-qkvzp"	"14"	"-"	"syllable_separator"
"jlCKDiM-h^z--pUi-yfuUHh^-qkvzp"	"15"	"qkv"	"movement"
"jlCKDiM-h^z--pUi-yfuUHh^-qkvzp"	"16"	"zp"	"none"
"jlCKDiM-hvz"	"1"	"jl"	"handshape"
"jlCKDiM-hvz"	"2"	"CKD"	"location"
"jlCKDiM-hvz"	"3"	"iM"	"palm_facing"
"jlCKDiM-hvz"	"4"	"-"	"syllable_separator"
"jlCKDiM-hvz"	"5"	"hv"	"movement"
"jlCKDiM-hvz"	"6"	"z"	"repetition"
"jlCKDiM-q^"	"1"	"jl"	"handshape"
"jlCKDiM-q^"	"2"	"CKD"	"location"
"jlCKDiM-q^"	"3"	"iM"	"palm_facing"
"jlCKDiM-q^"	"4"	"-"	"syllable_separator"
"jlCKDiM-q^"	"5"	"q^"	"movement"
"jlCKDiM-q^-U-hv"	"1"	"jl"	"handshape"
"jlCKDiM-q^-U-hv"	"2"	"CKD"	"location"
"jlCKDiM-q^-U-hv"	"3"	"iM"	"palm_facing"
"jlCKDiM-q^-U-hv"	"4"	"-"	"syllable_separator"
"jlCKDiM-q^-U-hv"	"5"	"q^"	"movement"
"jlCKDiM-q^-U-hv"	"6"	"-"	"syllable_separator"
"jlCKDiM-q^-U-hv"	"7"	"U"	"palm_facing"
"jlCKDiM-q^-U-hv"	"8"	"-"	"syllable_separator"
"jlCKDiM-q^-U-hv"	"9"	"hv"	"movement"
"jlCKh^iM-qe-jfz"	"1"	"jl"	"handshape"
"jlCKh^iM-qe-jfz"	"2"	"CKh^"	"location"
"jlCKh^iM-qe-jfz"	"3"	"iM"	"palm_facing"
"jlCKh^iM-qe-jfz"	"4"	"-"	"syllable_separator"
"jlCKh^iM-qe-jfz"	"5"	"qe"	"movement"
"jlCKh^iM-qe-jfz"	"6"	"-"	"syllable_separator"
"jlCKh^iM-qe-jfz"	"7"	"jf"	"handshape"
"jlCKh^iM-qe-jfz"	"8"	"z"	"repetition"
"jlCKh^iM-qvz"	"1"	"jl"	"handshape"
"jlCKh^iM-qvz"	"2"	"CKh^"	"location"
"jlCKh^iM-qvz"	"3"	"iM"	"palm_facing"
"jlCKh^iM-qvz"	"4"	"-"	"syllable_separator"
"jlCKh^iM-qvz"	"5"	"qv"	"movement"
"jlCKh^iM-qvz"	"6"	"z"	"repetition"
"jlCKik-D"	"1"	"jl"	"handshape"
"jlCKik-D"	"2"	"CK"	"location"
"jlCKik-D"	"3"	"ik"	"palm_facing"
"jlCKik-D"	"4"	"-"	"syllable_separator"
"jlCKik-D"	"5"	"D"	"movement"
"jlCKM-D"	"1"	"jl"	"handshape"
"jlCKM-D"	"2"	"CK"	"location"
"jlCKM-D"	"3"	"M"	"palm_facing"
"jlCKM-D"	"4"	"-"	"syllable_separator"
"jlCKM-D"	"5"	"D"	"movement"
"jlCM-qy"	"1"	"jl"	"handshape"
"jlCM-qy"	"2"	"C"	"location"
"jlCM-qy"	"3"	"M"	"palm_facing"
"jlCM-qy"	"4"	"-"	"syllable_separator"
"jlCM-qy"	"5"	"qy"	"movement"
"jlCM-qyz"	"1"	"jl"	"handshape"
"jlCM-qyz"	"2"	"C"	"location"
"jlCM-qyz"	"3"	"M"	"palm_facing"
"jlCM-qyz"	"4"	"-"	"syllable_separator"
"jlCM-qyz"	"5"	"qy"	"movement"
"jlCM-qyz"	"6"	"z"	"repetition"
"jlCqvik-D"	"1"	"jl"	"handshape"
"jlCqvik-D"	"2"	"Cqv"	"location"
"jlCqvik-D"	"3"	"ik"	"palm_facing"
"jlCqvik-D"	"4"	"-"	"syllable_separator"
"jlCqvik-D"	"5"	"D"	"movement"
"jlCqvM-D"	"1"	"jl"	"handshape"
"jlCqvM-D"	"2"	"Cqv"	"location"
"jlCqvM-D"	"3"	"M"	"palm_facing"
"jlCqvM-D"	"4"	"-"	"syllable_separator"
"jlCqvM-D"	"5"	"D"	"movement"
"jlDiM-h^z"	"1"	"jl"	"handshape"
"jlDiM-h^z"	"2"	"D"	"location"
"jlDiM-h^z"	"3"	"iM"	"palm_facing"
"jlDiM-h^z"	"4"	"-"	"syllable_separator"
"jlDiM-h^z"	"5"	"h^"	"movement"
"jlDiM-h^z"	"6"	"z"	"repetition"
"jlDiM-hkv"	"1"	"jl"	"handshape"
"jlDiM-hkv"	"2"	"D"	"location"
"jlDiM-hkv"	"3"	"iM"	"palm_facing"
"jlDiM-hkv"	"4"	"-"	"syllable_separator"
"jlDiM-hkv"	"5"	"hkv"	"movement"
"jlDiM-q^-iU"	"1"	"jl"	"handshape"
"jlDiM-q^-iU"	"2"	"D"	"location"
"jlDiM-q^-iU"	"3"	"iM"	"palm_facing"
"jlDiM-q^-iU"	"4"	"-"	"syllable_separator"
"jlDiM-q^-iU"	"5"	"q^"	"movement"
"jlDiM-q^-iU"	"6"	"-"	"syllable_separator"
"jlDiM-q^-iU"	"7"	"iU"	"palm_facing"
"jlDiU-hv"	"1"	"jl"	"handshape"
"jlDiU-hv"	"2"	"D"	"location"
"jlDiU-hv"	"3"	"iU"	"palm_facing"
"jlDiU-hv"	"4"	"-"	"syllable_separator"
"jlDiU-hv"	"5"	"hv"	"movement"
"jlflDiM-d^h^"	"1"	"jlfl"	"handshape"
"jlflDiM-d^h^"	"2"	"D"	"location"
"jlflDiM-d^h^"	"3"	"iM"	"palm_facing"
"jlflDiM-d^h^"	"4"	"-"	"syllable_separator"
"jlflDiM-d^h^"	"5"	"d^h^"	"movement"
"jlflU-hvzp"	"1"	"jlfl"	"handshape"
"jlflU-hvzp"	"2"	"U"	"palm_facing"
"jlflU-hvzp"	"3"	"-"	"syllable_separator"
"jlflU-hvzp"	"4"	"hv"	"movement"
"jlflU-hvzp"	"5"	"zp"	"none"
"jlflWiM-q^-iU"	"1"	"jlfl"	"handshape"
"jlflWiM-q^-iU"	"2"	"W"	"location"
"jlflWiM-q^-iU"	"3"	"iM"	"palm_facing"
"jlflWiM-q^-iU"	"4"	"-"	"syllable_separator"
"jlflWiM-q^-iU"	"5"	"q^"	"movement"
"jlflWiM-q^-iU"	"6"	"-"	"syllable_separator"
"jlflWiM-q^-iU"	"7"	"iU"	"palm_facing"
"jlik-dvhv"	"1"	"jl"	"handshape"
"jlik-dvhv"	"2"	"ik"	"palm_facing"
"jlik-dvhv"	"3"	"-"	"syllable_separator"
"jlik-dvhv"	"4"	"dvhv"	"movement"
"jlik-q^h^"	"1"	"jl"	"handshape"
"jlik-q^h^"	"2"	"ik"	"palm_facing"
"jlik-q^h^"	"3"	"-"	"syllable_separator"
"jlik-q^h^"	"4"	"q^h^"	"movement"
"jlikTqk-q^zp"	"1"	"jl"	"handshape"
"jlikTqk-q^zp"	"2"	"ik"	"palm_facing"
"jlikTqk-q^zp"	"3"	"Tqk"	"hand_offset"
"jlikTqk-q^zp"	"4"	"-"	"syllable_separator"
"jlikTqk-q^zp"	"5"	"q^"	"movement"
"jlikTqk-q^zp"	"6"	"zp"	"none"
"jliM-D"	"1"	"jl"	"handshape"
"jliM-D"	"2"	"iM"	"palm_facing"
"jliM-D"	"3"	"-"	"syllable_separator"
"jliM-D"	"4"	"D"	"movement"
"jliM-D--jliU-D"	"1"	"jl"	"handshape"
"jliM-D--jliU-D"	"2"	"iM"	"palm_facing"
"jliM-D--jliU-D"	"3"	"-"	"syllable_separator"
"jliM-D--jliU-D"	"4"	"D"	"movement"
"jliM-D--jliU-D"	"5"	"-"	"syllable_separator"
"jliM-D--jliU-D"	"6"	"-"	"word_separator"
"jliM-D--jliU-D"	"7"	"jl"	"handshape"
"jliM-D--jliU-D"	"8"	"iU"	"palm_facing"
"jliM-D--jliU-D"	"9"	"-"	"syllable_separator"
"jliM-D--jliU-D"	"10"	"D"	"movement"
"jliM-Dz"	"1"	"jl"	"handshape"
"jliM-Dz"	"2"	"iM"	"palm_facing"
"jliM-Dz"	"3"	"-"	"syllable_separator"
"jliM-Dz"	"4"	"D"	"movement"
"jliM-Dz"	"5"	"z"	"repetition"
"jliU-hv"	"1"	"jl"	"handshape"
"jliU-hv"	"2"	"iU"	"palm_facing"
"jliU-hv"	"3"	"-"	"syllable_separator"
"jliU-hv"	"4"	"hv"	"movement"
"jliU-hvzqy"	"1"	"jl"	"handshape"
"jliU-hvzqy"	"2"	"iU"	"palm_facing"
"jliU-hvzqy"	"3"	"-"	"syllable_separator"
"jliU-hvzqy"	"4"	"hv"	"movement"
"jliU-hvzqy"	"5"	"zqy"	"repetition"
"jliU-q^"	"1"	"jl"	"handshape"
"jliU-q^"	"2"	"iU"	"palm_facing"
"jliU-q^"	"3"	"-"	"syllable_separator"
"jliU-q^"	"4"	"q^"	"movement"
"jliU-qv-jfiM"	"1"	"jl"	"handshape"
"jliU-qv-jfiM"	"2"	"iU"	"palm_facing"
"jliU-qv-jfiM"	"3"	"-"	"syllable_separator"
"jliU-qv-jfiM"	"4"	"qv"	"movement"
"jliU-qv-jfiM"	"5"	"-"	"syllable_separator"
"jliU-qv-jfiM"	"6"	"jf"	"handshape"
"jliU-qv-jfiM"	"7"	"iM"	"palm_facing"
"jlKiU-Dzqy"	"1"	"jl"	"handshape"
"jlKiU-Dzqy"	"2"	"K"	"location"
"jlKiU-Dzqy"	"3"	"iU"	"palm_facing"
"jlKiU-Dzqy"	"4"	"-"	"syllable_separator"
"jlKiU-Dzqy"	"5"	"D"	"movement"
"jlKiU-Dzqy"	"6"	"zqy"	"repetition"
"jllnCKDiM-qe-jffnz"	"1"	"jlln"	"handshape"
"jllnCKDiM-qe-jffnz"	"2"	"CKD"	"location"
"jllnCKDiM-qe-jffnz"	"3"	"iM"	"palm_facing"
"jllnCKDiM-qe-jffnz"	"4"	"-"	"syllable_separator"
"jllnCKDiM-qe-jffnz"	"5"	"qe"	"movement"
"jllnCKDiM-qe-jffnz"	"6"	"-"	"syllable_separator"
"jllnCKDiM-qe-jffnz"	"7"	"jffn"	"handshape"
"jllnCKDiM-qe-jffnz"	"8"	"z"	"repetition"
"jllnCKh^DiM-qe-jffnz"	"1"	"jlln"	"handshape"
"jllnCKh^DiM-qe-jffnz"	"2"	"CKh^D"	"location"
"jllnCKh^DiM-qe-jffnz"	"3"	"iM"	"palm_facing"
"jllnCKh^DiM-qe-jffnz"	"4"	"-"	"syllable_separator"
"jllnCKh^DiM-qe-jffnz"	"5"	"qe"	"movement"
"jllnCKh^DiM-qe-jffnz"	"6"	"-"	"syllable_separator"
"jllnCKh^DiM-qe-jffnz"	"7"	"jffn"	"handshape"
"jllnCKh^DiM-qe-jffnz"	"8"	"z"	"repetition"
"jllnDik-qk-iM"	"1"	"jlln"	"handshape"
"jllnDik-qk-iM"	"2"	"D"	"location"
"jllnDik-qk-iM"	"3"	"ik"	"palm_facing"
"jllnDik-qk-iM"	"4"	"-"	"syllable_separator"
"jllnDik-qk-iM"	"5"	"qk"	"movement"
"jllnDik-qk-iM"	"6"	"-"	"syllable_separator"
"jllnDik-qk-iM"	"7"	"iM"	"palm_facing"
"jllnWDM-pqe-jffnz"	"1"	"jlln"	"handshape"
"jllnWDM-pqe-jffnz"	"2"	"WD"	"location"
"jllnWDM-pqe-jffnz"	"3"	"M"	"palm_facing"
"jllnWDM-pqe-jffnz"	"4"	"-"	"syllable_separator"
"jllnWDM-pqe-jffnz"	"5"	"pqe"	"movement"
"jllnWDM-pqe-jffnz"	"6"	"-"	"syllable_separator"
"jllnWDM-pqe-jffnz"	"7"	"jffn"	"handshape"
"jllnWDM-pqe-jffnz"	"8"	"z"	"repetition"
"jllnWDM-qe-jffnz"	"1"	"jlln"	"handshape"
"jllnWDM-qe-jffnz"	"2"	"WD"	"location"
"jllnWDM-qe-jffnz"	"3"	"M"	"palm_facing"
"jllnWDM-qe-jffnz"	"4"	"-"	"syllable_separator"
"jllnWDM-qe-jffnz"	"5"	"qe"	"movement"
"jllnWDM-qe-jffnz"	"6"	"-"	"syllable_separator"
"jllnWDM-qe-jffnz"	"7"	"jffn"	"handshape"
"jllnWDM-qe-jffnz"	"8"	"z"	"repetition"
"jllnWKDik-q^"	"1"	"jlln"	"handshape"
"jllnWKDik-q^"	"2"	"WKD"	"location"
"jllnWKDik-q^"	"3"	"ik"	"palm_facing"
"jllnWKDik-q^"	"4"	"-"	"syllable_separator"
"jllnWKDik-q^"	"5"	"q^"	"movement"
"jlM-q^"	"1"	"jl"	"handshape"
"jlM-q^"	"2"	"M"	"palm_facing"
"jlM-q^"	"3"	"-"	"syllable_separator"
"jlM-q^"	"4"	"q^"	"movement"
"jlM-qe"	"1"	"jl"	"handshape"
"jlM-qe"	"2"	"M"	"palm_facing"
"jlM-qe"	"3"	"-"	"syllable_separator"
"jlM-qe"	"4"	"qe"	"movement"
"jlM-qo-U"	"1"	"jl"	"handshape"
"jlM-qo-U"	"2"	"M"	"palm_facing"
"jlM-qo-U"	"3"	"-"	"syllable_separator"
"jlM-qo-U"	"4"	"qo"	"movement"
"jlM-qo-U"	"5"	"-"	"syllable_separator"
"jlM-qo-U"	"6"	"U"	"palm_facing"
"jlM-qo-Uz"	"1"	"jl"	"handshape"
"jlM-qo-Uz"	"2"	"M"	"palm_facing"
"jlM-qo-Uz"	"3"	"-"	"syllable_separator"
"jlM-qo-Uz"	"4"	"qo"	"movement"
"jlM-qo-Uz"	"5"	"-"	"syllable_separator"
"jlM-qo-Uz"	"6"	"U"	"palm_facing"
"jlM-qo-Uz"	"7"	"z"	"repetition"
"jlM-qy"	"1"	"jl"	"handshape"
"jlM-qy"	"2"	"M"	"palm_facing"
"jlM-qy"	"3"	"-"	"syllable_separator"
"jlM-qy"	"4"	"qy"	"movement"
"jlnlM-qe"	"1"	"jlnl"	"handshape"
"jlnlM-qe"	"2"	"M"	"palm_facing"
"jlnlM-qe"	"3"	"-"	"syllable_separator"
"jlnlM-qe"	"4"	"qe"	"movement"
"jlnM-qe"	"1"	"jln"	"handshape"
"jlnM-qe"	"2"	"M"	"palm_facing"
"jlnM-qe"	"3"	"-"	"syllable_separator"
"jlnM-qe"	"4"	"qe"	"movement"
"jlU-h^"	"1"	"jl"	"handshape"
"jlU-h^"	"2"	"U"	"palm_facing"
"jlU-h^"	"3"	"-"	"syllable_separator"
"jlU-h^"	"4"	"h^"	"movement"
"jlU-hv"	"1"	"jl"	"handshape"
"jlU-hv"	"2"	"U"	"palm_facing"
"jlU-hv"	"3"	"-"	"syllable_separator"
"jlU-hv"	"4"	"hv"	"movement"
"jlU-qo-Uohv"	"1"	"jl"	"handshape"
"jlU-qo-Uohv"	"2"	"U"	"palm_facing"
"jlU-qo-Uohv"	"3"	"-"	"syllable_separator"
"jlU-qo-Uohv"	"4"	"qo"	"movement"
"jlU-qo-Uohv"	"5"	"-"	"syllable_separator"
"jlU-qo-Uohv"	"6"	"Uohv"	"palm_facing"
"jlU-qo-Uohvz"	"1"	"jl"	"handshape"
"jlU-qo-Uohvz"	"2"	"U"	"palm_facing"
"jlU-qo-Uohvz"	"3"	"-"	"syllable_separator"
"jlU-qo-Uohvz"	"4"	"qo"	"movement"
"jlU-qo-Uohvz"	"5"	"-"	"syllable_separator"
"jlU-qo-Uohvz"	"6"	"Uohv"	"palm_facing"
"jlU-qo-Uohvz"	"7"	"z"	"repetition"
"jlU-Thv"	"1"	"jl"	"handshape"
"jlU-Thv"	"2"	"U"	"palm_facing"
"jlU-Thv"	"3"	"-"	"syllable_separator"
"jlU-Thv"	"4"	"Thv"	"movement"
"jluiMHh^-pyqkz"	"1"	"jlu"	"handshape"
"jluiMHh^-pyqkz"	"2"	"iM"	"palm_facing"
"jluiMHh^-pyqkz"	"3"	"Hh^"	"hand_offset"
"jluiMHh^-pyqkz"	"4"	"-"	"syllable_separator"
"jluiMHh^-pyqkz"	"5"	"pyqk"	"movement"
"jluiMHh^-pyqkz"	"6"	"z"	"repetition"
"jluiU-pyqk"	"1"	"jlu"	"handshape"
"jluiU-pyqk"	"2"	"iU"	"palm_facing"
"jluiU-pyqk"	"3"	"-"	"syllable_separator"
"jluiU-pyqk"	"4"	"pyqk"	"movement"
"jluiU-qk"	"1"	"jlu"	"handshape"
"jluiU-qk"	"2"	"iU"	"palm_facing"
"jluiU-qk"	"3"	"-"	"syllable_separator"
"jluiU-qk"	"4"	"qk"	"movement"
"jlulnM-qe"	"1"	"jluln"	"handshape"
"jlulnM-qe"	"2"	"M"	"palm_facing"
"jlulnM-qe"	"3"	"-"	"syllable_separator"
"jlulnM-qe"	"4"	"qe"	"movement"
"jluM-qe"	"1"	"jlu"	"handshape"
"jluM-qe"	"2"	"M"	"palm_facing"
"jluM-qe"	"3"	"-"	"syllable_separator"
"jluM-qe"	"4"	"qe"	"movement"
"jlUohv-D--lrfik-qe-yfnz"	"1"	"jl"	"handshape"
"jlUohv-D--lrfik-qe-yfnz"	"2"	"Uohv"	"palm_facing"
"jlUohv-D--lrfik-qe-yfnz"	"3"	"-"	"syllable_separator"
"jlUohv-D--lrfik-qe-yfnz"	"4"	"D"	"movement"
"jlUohv-D--lrfik-qe-yfnz"	"5"	"-"	"syllable_separator"
"jlUohv-D--lrfik-qe-yfnz"	"6"	"-"	"word_separator"
"jlUohv-D--lrfik-qe-yfnz"	"7"	"lrf"	"handshape"
"jlUohv-D--lrfik-qe-yfnz"	"8"	"ik"	"palm_facing"
"jlUohv-D--lrfik-qe-yfnz"	"9"	"-"	"syllable_separator"
"jlUohv-D--lrfik-qe-yfnz"	"10"	"qe"	"movement"
"jlUohv-D--lrfik-qe-yfnz"	"11"	"-"	"syllable_separator"
"jlUohv-D--lrfik-qe-yfnz"	"12"	"yfn"	"handshape"
"jlUohv-D--lrfik-qe-yfnz"	"13"	"z"	"repetition"
"jluWDik-q~"	"1"	"jlu"	"handshape"
"jluWDik-q~"	"2"	"WD"	"location"
"jluWDik-q~"	"3"	"ik"	"palm_facing"
"jluWDik-q~"	"4"	"-"	"syllable_separator"
"jluWDik-q~"	"5"	"q~"	"movement"
"jlWDiM-qe-jf"	"1"	"jl"	"handshape"
"jlWDiM-qe-jf"	"2"	"WD"	"location"
"jlWDiM-qe-jf"	"3"	"iM"	"palm_facing"
"jlWDiM-qe-jf"	"4"	"-"	"syllable_separator"
"jlWDiM-qe-jf"	"5"	"qe"	"movement"
"jlWDiM-qe-jf"	"6"	"-"	"syllable_separator"
"jlWDiM-qe-jf"	"7"	"jf"	"handshape"
"jlWDiM-qy-rn"	"1"	"jl"	"handshape"
"jlWDiM-qy-rn"	"2"	"WD"	"location"
"jlWDiM-qy-rn"	"3"	"iM"	"palm_facing"
"jlWDiM-qy-rn"	"4"	"-"	"syllable_separator"
"jlWDiM-qy-rn"	"5"	"qy"	"movement"
"jlWDiM-qy-rn"	"6"	"-"	"syllable_separator"
"jlWDiM-qy-rn"	"7"	"rn"	"handshape"
"jlWik-hv"	"1"	"jl"	"handshape"
"jlWik-hv"	"2"	"W"	"location"
"jlWik-hv"	"3"	"ik"	"palm_facing"
"jlWik-hv"	"4"	"-"	"syllable_separator"
"jlWik-hv"	"5"	"hv"	"movement"
"jlWik-hvzq^"	"1"	"jl"	"handshape"
"jlWik-hvzq^"	"2"	"W"	"location"
"jlWik-hvzq^"	"3"	"ik"	"palm_facing"
"jlWik-hvzq^"	"4"	"-"	"syllable_separator"
"jlWik-hvzq^"	"5"	"hv"	"movement"
"jlWik-hvzq^"	"6"	"zq^"	"repetition"
"jlWik-q^"	"1"	"jl"	"handshape"
"jlWik-q^"	"2"	"W"	"location"
"jlWik-q^"	"3"	"ik"	"palm_facing"
"jlWik-q^"	"4"	"-"	"syllable_separator"
"jlWik-q^"	"5"	"q^"	"movement"
"jlWik-q^z"	"1"	"jl"	"handshape"
"jlWik-q^z"	"2"	"W"	"location"
"jlWik-q^z"	"3"	"ik"	"palm_facing"
"jlWik-q^z"	"4"	"-"	"syllable_separator"
"jlWik-q^z"	"5"	"q^"	"movement"
"jlWik-q^z"	"6"	"z"	"repetition"
"jlWik-qvz"	"1"	"jl"	"handshape"
"jlWik-qvz"	"2"	"W"	"location"
"jlWik-qvz"	"3"	"ik"	"palm_facing"
"jlWik-qvz"	"4"	"-"	"syllable_separator"
"jlWik-qvz"	"5"	"qv"	"movement"
"jlWik-qvz"	"6"	"z"	"repetition"
"jlWKM-D-jf"	"1"	"jl"	"handshape"
"jlWKM-D-jf"	"2"	"WK"	"location"
"jlWKM-D-jf"	"3"	"M"	"palm_facing"
"jlWKM-D-jf"	"4"	"-"	"syllable_separator"
"jlWKM-D-jf"	"5"	"D"	"movement"
"jlWKM-D-jf"	"6"	"-"	"syllable_separator"
"jlWKM-D-jf"	"7"	"jf"	"handshape"
"jnCDik-q^z"	"1"	"jn"	"handshape"
"jnCDik-q^z"	"2"	"CD"	"location"
"jnCDik-q^z"	"3"	"ik"	"palm_facing"
"jnCDik-q^z"	"4"	"-"	"syllable_separator"
"jnCDik-q^z"	"5"	"q^"	"movement"
"jnCDik-q^z"	"6"	"z"	"repetition"
"jnCDik-qe--clik-q^"	"1"	"jn"	"handshape"
"jnCDik-qe--clik-q^"	"2"	"CD"	"location"
"jnCDik-qe--clik-q^"	"3"	"ik"	"palm_facing"
"jnCDik-qe--clik-q^"	"4"	"-"	"syllable_separator"
"jnCDik-qe--clik-q^"	"5"	"qe"	"movement"
"jnCDik-qe--clik-q^"	"6"	"-"	"syllable_separator"
"jnCDik-qe--clik-q^"	"7"	"-"	"word_separator"
"jnCDik-qe--clik-q^"	"8"	"cl"	"handshape"
"jnCDik-qe--clik-q^"	"9"	"ik"	"palm_facing"
"jnCDik-qe--clik-q^"	"10"	"-"	"syllable_separator"
"jnCDik-qe--clik-q^"	"11"	"q^"	"movement"
"jnCDik-qe--jliU-Tqy"	"1"	"jn"	"handshape"
"jnCDik-qe--jliU-Tqy"	"2"	"CD"	"location"
"jnCDik-qe--jliU-Tqy"	"3"	"ik"	"palm_facing"
"jnCDik-qe--jliU-Tqy"	"4"	"-"	"syllable_separator"
"jnCDik-qe--jliU-Tqy"	"5"	"qe"	"movement"
"jnCDik-qe--jliU-Tqy"	"6"	"-"	"syllable_separator"
"jnCDik-qe--jliU-Tqy"	"7"	"-"	"word_separator"
"jnCDik-qe--jliU-Tqy"	"8"	"jl"	"handshape"
"jnCDik-qe--jliU-Tqy"	"9"	"iU"	"palm_facing"
"jnCDik-qe--jliU-Tqy"	"10"	"-"	"syllable_separator"
"jnCDik-qe--jliU-Tqy"	"11"	"Tqy"	"movement"
"jnCDik-qe--jlnik-Thv"	"1"	"jn"	"handshape"
"jnCDik-qe--jlnik-Thv"	"2"	"CD"	"location"
"jnCDik-qe--jlnik-Thv"	"3"	"ik"	"palm_facing"
"jnCDik-qe--jlnik-Thv"	"4"	"-"	"syllable_separator"
"jnCDik-qe--jlnik-Thv"	"5"	"qe"	"movement"
"jnCDik-qe--jlnik-Thv"	"6"	"-"	"syllable_separator"
"jnCDik-qe--jlnik-Thv"	"7"	"-"	"word_separator"
"jnCDik-qe--jlnik-Thv"	"8"	"jln"	"handshape"
"jnCDik-qe--jlnik-Thv"	"9"	"ik"	"palm_facing"
"jnCDik-qe--jlnik-Thv"	"10"	"-"	"syllable_separator"
"jnCDik-qe--jlnik-Thv"	"11"	"Thv"	"movement"
"jnCDik-qe--jluik-D"	"1"	"jn"	"handshape"
"jnCDik-qe--jluik-D"	"2"	"CD"	"location"
"jnCDik-qe--jluik-D"	"3"	"ik"	"palm_facing"
"jnCDik-qe--jluik-D"	"4"	"-"	"syllable_separator"
"jnCDik-qe--jluik-D"	"5"	"qe"	"movement"
"jnCDik-qe--jluik-D"	"6"	"-"	"syllable_separator"
"jnCDik-qe--jluik-D"	"7"	"-"	"word_separator"
"jnCDik-qe--jluik-D"	"8"	"jlu"	"handshape"
"jnCDik-qe--jluik-D"	"9"	"ik"	"palm_facing"
"jnCDik-qe--jluik-D"	"10"	"-"	"syllable_separator"
"jnCDik-qe--jluik-D"	"11"	"D"	"movement"
"jnCDik-qe--pUi-yfU-Thvc"	"1"	"jn"	"handshape"
"jnCDik-qe--pUi-yfU-Thvc"	"2"	"CD"	"location"
"jnCDik-qe--pUi-yfU-Thvc"	"3"	"ik"	"palm_facing"
"jnCDik-qe--pUi-yfU-Thvc"	"4"	"-"	"syllable_separator"
"jnCDik-qe--pUi-yfU-Thvc"	"5"	"qe"	"movement"
"jnCDik-qe--pUi-yfU-Thvc"	"6"	"-"	"syllable_separator"
"jnCDik-qe--pUi-yfU-Thvc"	"7"	"-"	"word_separator"
"jnCDik-qe--pUi-yfU-Thvc"	"8"	"pUi"	"basehand_palm_facing"
"jnCDik-qe--pUi-yfU-Thvc"	"9"	"-"	"syllable_separator"
"jnCDik-qe--pUi-yfU-Thvc"	"10"	"yf"	"handshape"
"jnCDik-qe--pUi-yfU-Thvc"	"11"	"U"	"palm_facing"
"jnCDik-qe--pUi-yfU-Thvc"	"12"	"-"	"syllable_separator"
"jnCDik-qe--pUi-yfU-Thvc"	"13"	"Thvc"	"movement"
"jnCDik-qkz"	"1"	"jn"	"handshape"
"jnCDik-qkz"	"2"	"CD"	"location"
"jnCDik-qkz"	"3"	"ik"	"palm_facing"
"jnCDik-qkz"	"4"	"-"	"syllable_separator"
"jnCDik-qkz"	"5"	"qk"	"movement"
"jnCDik-qkz"	"6"	"z"	"repetition"
"jnCDM-q^-ik"	"1"	"jn"	"handshape"
"jnCDM-q^-ik"	"2"	"CD"	"location"
"jnCDM-q^-ik"	"3"	"M"	"palm_facing"
"jnCDM-q^-ik"	"4"	"-"	"syllable_separator"
"jnCDM-q^-ik"	"5"	"q^"	"movement"
"jnCDM-q^-ik"	"6"	"-"	"syllable_separator"
"jnCDM-q^-ik"	"7"	"ik"	"palm_facing"
"jnCDM-qv-jluln"	"1"	"jn"	"handshape"
"jnCDM-qv-jluln"	"2"	"CD"	"location"
"jnCDM-qv-jluln"	"3"	"M"	"palm_facing"
"jnCDM-qv-jluln"	"4"	"-"	"syllable_separator"
"jnCDM-qv-jluln"	"5"	"qv"	"movement"
"jnCDM-qv-jluln"	"6"	"-"	"syllable_separator"
"jnCDM-qv-jluln"	"7"	"jluln"	"handshape"
"jnCik-qv"	"1"	"jn"	"handshape"
"jnCik-qv"	"2"	"C"	"location"
"jnCik-qv"	"3"	"ik"	"palm_facing"
"jnCik-qv"	"4"	"-"	"syllable_separator"
"jnCik-qv"	"5"	"qv"	"movement"
"jnCKDik-q^"	"1"	"jn"	"handshape"
"jnCKDik-q^"	"2"	"CKD"	"location"
"jnCKDik-q^"	"3"	"ik"	"palm_facing"
"jnCKDik-q^"	"4"	"-"	"syllable_separator"
"jnCKDik-q^"	"5"	"q^"	"movement"
"jnCKDU-qe-jl"	"1"	"jn"	"handshape"
"jnCKDU-qe-jl"	"2"	"CKD"	"location"
"jnCKDU-qe-jl"	"3"	"U"	"palm_facing"
"jnCKDU-qe-jl"	"4"	"-"	"syllable_separator"
"jnCKDU-qe-jl"	"5"	"qe"	"movement"
"jnCKDU-qe-jl"	"6"	"-"	"syllable_separator"
"jnCKDU-qe-jl"	"7"	"jl"	"handshape"
"jnCKh^Dik-q^"	"1"	"jn"	"handshape"
"jnCKh^Dik-q^"	"2"	"CKh^D"	"location"
"jnCKh^Dik-q^"	"3"	"ik"	"palm_facing"
"jnCKh^Dik-q^"	"4"	"-"	"syllable_separator"
"jnCKh^Dik-q^"	"5"	"q^"	"movement"
"jnCKik-qvz"	"1"	"jn"	"handshape"
"jnCKik-qvz"	"2"	"CK"	"location"
"jnCKik-qvz"	"3"	"ik"	"palm_facing"
"jnCKik-qvz"	"4"	"-"	"syllable_separator"
"jnCKik-qvz"	"5"	"qv"	"movement"
"jnCKik-qvz"	"6"	"z"	"repetition"
"jnCM-Dzqv"	"1"	"jn"	"handshape"
"jnCM-Dzqv"	"2"	"C"	"location"
"jnCM-Dzqv"	"3"	"M"	"palm_facing"
"jnCM-Dzqv"	"4"	"-"	"syllable_separator"
"jnCM-Dzqv"	"5"	"D"	"movement"
"jnCM-Dzqv"	"6"	"zqv"	"repetition"
"jnik-Dzqk"	"1"	"jn"	"handshape"
"jnik-Dzqk"	"2"	"ik"	"palm_facing"
"jnik-Dzqk"	"3"	"-"	"syllable_separator"
"jnik-Dzqk"	"4"	"D"	"movement"
"jnik-Dzqk"	"5"	"zqk"	"repetition"
"jnik-h^"	"1"	"jn"	"handshape"
"jnik-h^"	"2"	"ik"	"palm_facing"
"jnik-h^"	"3"	"-"	"syllable_separator"
"jnik-h^"	"4"	"h^"	"movement"
"jnik-q^"	"1"	"jn"	"handshape"
"jnik-q^"	"2"	"ik"	"palm_facing"
"jnik-q^"	"3"	"-"	"syllable_separator"
"jnik-q^"	"4"	"q^"	"movement"
"jnik-q^z"	"1"	"jn"	"handshape"
"jnik-q^z"	"2"	"ik"	"palm_facing"
"jnik-q^z"	"3"	"-"	"syllable_separator"
"jnik-q^z"	"4"	"q^"	"movement"
"jnik-q^z"	"5"	"z"	"repetition"
"jnik-qo-ynU"	"1"	"jn"	"handshape"
"jnik-qo-ynU"	"2"	"ik"	"palm_facing"
"jnik-qo-ynU"	"3"	"-"	"syllable_separator"
"jnik-qo-ynU"	"4"	"qo"	"movement"
"jnik-qo-ynU"	"5"	"-"	"syllable_separator"
"jnik-qo-ynU"	"6"	"yn"	"handshape"
"jnik-qo-ynU"	"7"	"U"	"palm_facing"
"jnik-qy"	"1"	"jn"	"handshape"
"jnik-qy"	"2"	"ik"	"palm_facing"
"jnik-qy"	"3"	"-"	"syllable_separator"
"jnik-qy"	"4"	"qy"	"movement"
"jnik-qy-clnM"	"1"	"jn"	"handshape"
"jnik-qy-clnM"	"2"	"ik"	"palm_facing"
"jnik-qy-clnM"	"3"	"-"	"syllable_separator"
"jnik-qy-clnM"	"4"	"qy"	"movement"
"jnik-qy-clnM"	"5"	"-"	"syllable_separator"
"jnik-qy-clnM"	"6"	"cln"	"handshape"
"jnik-qy-clnM"	"7"	"M"	"palm_facing"
"jnik-qy-U"	"1"	"jn"	"handshape"
"jnik-qy-U"	"2"	"ik"	"palm_facing"
"jnik-qy-U"	"3"	"-"	"syllable_separator"
"jnik-qy-U"	"4"	"qy"	"movement"
"jnik-qy-U"	"5"	"-"	"syllable_separator"
"jnik-qy-U"	"6"	"U"	"palm_facing"
"jnik-qy-U--jliU-qy"	"1"	"jn"	"handshape"
"jnik-qy-U--jliU-qy"	"2"	"ik"	"palm_facing"
"jnik-qy-U--jliU-qy"	"3"	"-"	"syllable_separator"
"jnik-qy-U--jliU-qy"	"4"	"qy"	"movement"
"jnik-qy-U--jliU-qy"	"5"	"-"	"syllable_separator"
"jnik-qy-U--jliU-qy"	"6"	"U"	"palm_facing"
"jnik-qy-U--jliU-qy"	"7"	"--"	"word_separator"
"jnik-qy-U--jliU-qy"	"8"	"jl"	"handshape"
"jnik-qy-U--jliU-qy"	"9"	"iU"	"palm_facing"
"jnik-qy-U--jliU-qy"	"10"	"-"	"syllable_separator"
"jnik-qy-U--jliU-qy"	"11"	"qy"	"movement"
"jniM-q^z"	"1"	"jn"	"handshape"
"jniM-q^z"	"2"	"iM"	"palm_facing"
"jniM-q^z"	"3"	"-"	"syllable_separator"
"jniM-q^z"	"4"	"q^"	"movement"
"jniM-q^z"	"5"	"z"	"repetition"
"jnKik-Dz"	"1"	"jn"	"handshape"
"jnKik-Dz"	"2"	"K"	"location"
"jnKik-Dz"	"3"	"ik"	"palm_facing"
"jnKik-Dz"	"4"	"-"	"syllable_separator"
"jnKik-Dz"	"5"	"D"	"movement"
"jnKik-Dz"	"6"	"z"	"repetition"
"jnM-qe"	"1"	"jn"	"handshape"
"jnM-qe"	"2"	"M"	"palm_facing"
"jnM-qe"	"3"	"-"	"syllable_separator"
"jnM-qe"	"4"	"qe"	"movement"
"jnnliU-dvhv"	"1"	"jnnl"	"handshape"
"jnnliU-dvhv"	"2"	"iU"	"palm_facing"
"jnnliU-dvhv"	"3"	"-"	"syllable_separator"
"jnnliU-dvhv"	"4"	"dvhv"	"movement"
"jnnlM-q^"	"1"	"jnnl"	"handshape"
"jnnlM-q^"	"2"	"M"	"palm_facing"
"jnnlM-q^"	"3"	"-"	"syllable_separator"
"jnnlM-q^"	"4"	"q^"	"movement"
"jnnlM-q^z"	"1"	"jnnl"	"handshape"
"jnnlM-q^z"	"2"	"M"	"palm_facing"
"jnnlM-q^z"	"3"	"-"	"syllable_separator"
"jnnlM-q^z"	"4"	"q^"	"movement"
"jnnlM-q^z"	"5"	"z"	"repetition"
"jnnlM-qe"	"1"	"jnnl"	"handshape"
"jnnlM-qe"	"2"	"M"	"palm_facing"
"jnnlM-qe"	"3"	"-"	"syllable_separator"
"jnnlM-qe"	"4"	"qe"	"movement"
"jnnlM-qy"	"1"	"jnnl"	"handshape"
"jnnlM-qy"	"2"	"M"	"palm_facing"
"jnnlM-qy"	"3"	"-"	"syllable_separator"
"jnnlM-qy"	"4"	"qy"	"movement"
"jnU-qo-ik"	"1"	"jn"	"handshape"
"jnU-qo-ik"	"2"	"U"	"palm_facing"
"jnU-qo-ik"	"3"	"-"	"syllable_separator"
"jnU-qo-ik"	"4"	"qo"	"movement"
"jnU-qo-ik"	"5"	"-"	"syllable_separator"
"jnU-qo-ik"	"6"	"ik"	"palm_facing"
"jnU-qoz"	"1"	"jn"	"handshape"
"jnU-qoz"	"2"	"U"	"palm_facing"
"jnU-qoz"	"3"	"-"	"syllable_separator"
"jnU-qoz"	"4"	"qo"	"movement"
"jnU-qoz"	"5"	"z"	"repetition"
"JnWKDik-qo-iMz"	"1"	"jn"	"handshape"
"JnWKDik-qo-iMz"	"2"	"WKD"	"location"
"JnWKDik-qo-iMz"	"3"	"ik"	"palm_facing"
"JnWKDik-qo-iMz"	"4"	"-"	"syllable_separator"
"JnWKDik-qo-iMz"	"5"	"qo"	"movement"
"JnWKDik-qo-iMz"	"6"	"-"	"syllable_separator"
"JnWKDik-qo-iMz"	"7"	"iM"	"palm_facing"
"JnWKDik-qo-iMz"	"8"	"z"	"repetition"
"lllrfM-qe"	"1"	"lllrf"	"handshape"
"lllrfM-qe"	"2"	"M"	"palm_facing"
"lllrfM-qe"	"3"	"-"	"syllable_separator"
"lllrfM-qe"	"4"	"qe"	"movement"
"llrflM-qe"	"1"	"llrfl"	"handshape"
"llrflM-qe"	"2"	"M"	"palm_facing"
"llrflM-qe"	"3"	"-"	"syllable_separator"
"llrflM-qe"	"4"	"qe"	"movement"
"lrfCiM-Dz"	"1"	"lrf"	"handshape"
"lrfCiM-Dz"	"2"	"C"	"location"
"lrfCiM-Dz"	"3"	"iM"	"palm_facing"
"lrfCiM-Dz"	"4"	"-"	"syllable_separator"
"lrfCiM-Dz"	"5"	"D"	"movement"
"lrfCiM-Dz"	"6"	"z"	"repetition"
"lrfKDU-hvz"	"1"	"lrf"	"handshape"
"lrfKDU-hvz"	"2"	"KD"	"location"
"lrfKDU-hvz"	"3"	"U"	"palm_facing"
"lrfKDU-hvz"	"4"	"-"	"syllable_separator"
"lrfKDU-hvz"	"5"	"hv"	"movement"
"lrfKDU-hvz"	"6"	"z"	"repetition"
"lrflM-qe"	"1"	"lrfl"	"handshape"
"lrflM-qe"	"2"	"M"	"palm_facing"
"lrflM-qe"	"3"	"-"	"syllable_separator"
"lrflM-qe"	"4"	"qe"	"movement"
"lrfM-qe"	"1"	"lrf"	"handshape"
"lrfM-qe"	"2"	"M"	"palm_facing"
"lrfM-qe"	"3"	"-"	"syllable_separator"
"lrfM-qe"	"4"	"qe"	"movement"
"lrfM-qkz"	"1"	"lrf"	"handshape"
"lrfM-qkz"	"2"	"M"	"palm_facing"
"lrfM-qkz"	"3"	"-"	"syllable_separator"
"lrfM-qkz"	"4"	"qk"	"movement"
"lrfM-qkz"	"5"	"z"	"repetition"
"lrtnCM-Dzhv"	"1"	"lrtn"	"handshape"
"lrtnCM-Dzhv"	"2"	"C"	"location"
"lrtnCM-Dzhv"	"3"	"M"	"palm_facing"
"lrtnCM-Dzhv"	"4"	"-"	"syllable_separator"
"lrtnCM-Dzhv"	"5"	"D"	"movement"
"lrtnCM-Dzhv"	"6"	"zhv"	"repetition"
"lrtnM-qe"	"1"	"lrtn"	"handshape"
"lrtnM-qe"	"2"	"M"	"palm_facing"
"lrtnM-qe"	"3"	"-"	"syllable_separator"
"lrtnM-qe"	"4"	"qe"	"movement"
"lrtnU-qe"	"1"	"lrtn"	"handshape"
"lrtnU-qe"	"2"	"U"	"palm_facing"
"lrtnU-qe"	"3"	"-"	"syllable_separator"
"lrtnU-qe"	"4"	"qe"	"movement"
"pfjUi-jliUTqk-h^z"	"1"	"pfj"	"basehand_handshape"
"pfjUi-jliUTqk-h^z"	"2"	"Ui"	"basehand_palm_facing"
"pfjUi-jliUTqk-h^z"	"3"	"-"	"syllable_separator"
"pfjUi-jliUTqk-h^z"	"4"	"jl"	"handshape"
"pfjUi-jliUTqk-h^z"	"5"	"iU"	"palm_facing"
"pfjUi-jliUTqk-h^z"	"6"	"Tqk"	"hand_offset"
"pfjUi-jliUTqk-h^z"	"7"	"-"	"syllable_separator"
"pfjUi-jliUTqk-h^z"	"8"	"h^"	"movement"
"pfjUi-jliUTqk-h^z"	"9"	"z"	"repetition"
"plj-cfnik-Tqk"	"1"	"plj"	"basehand_handshape"
"plj-cfnik-Tqk"	"2"	"-"	"syllable_separator"
"plj-cfnik-Tqk"	"3"	"cfn"	"handshape"
"plj-cfnik-Tqk"	"4"	"ik"	"palm_facing"
"plj-cfnik-Tqk"	"5"	"-"	"syllable_separator"
"plj-cfnik-Tqk"	"6"	"Tqk"	"movement"
"pljU-jfU-Thv"	"1"	"plj"	"basehand_handshape"
"pljU-jfU-Thv"	"2"	"U"	"basehand_palm_facing"
"pljU-jfU-Thv"	"3"	"-"	"syllable_separator"
"pljU-jfU-Thv"	"4"	"jf"	"handshape"
"pljU-jfU-Thv"	"5"	"U"	"palm_facing"
"pljU-jfU-Thv"	"6"	"-"	"syllable_separator"
"pljU-jfU-Thv"	"7"	"Thv"	"movement"
"pljUi-cfnikThvc-pq^z"	"1"	"plj"	"basehand_handshape"
"pljUi-cfnikThvc-pq^z"	"2"	"Ui"	"basehand_palm_facing"
"pljUi-cfnikThvc-pq^z"	"3"	"-"	"syllable_separator"
"pljUi-cfnikThvc-pq^z"	"4"	"cfn"	"handshape"
"pljUi-cfnikThvc-pq^z"	"5"	"ik"	"palm_facing"
"pljUi-cfnikThvc-pq^z"	"6"	"Thvc"	"hand_offset"
"pljUi-cfnikThvc-pq^z"	"7"	"-"	"syllable_separator"
"pljUi-cfnikThvc-pq^z"	"8"	"pq^"	"movement"
"pljUi-cfnikThvc-pq^z"	"9"	"z"	"repetition"
"pljUi-jnikThv-pq^"	"1"	"plj"	"basehand_handshape"
"pljUi-jnikThv-pq^"	"2"	"Ui"	"basehand_palm_facing"
"pljUi-jnikThv-pq^"	"3"	"-"	"syllable_separator"
"pljUi-jnikThv-pq^"	"4"	"jn"	"handshape"
"pljUi-jnikThv-pq^"	"5"	"ik"	"palm_facing"
"pljUi-jnikThv-pq^"	"6"	"Thv"	"hand_offset"
"pljUi-jnikThv-pq^"	"7"	"-"	"syllable_separator"
"pljUi-jnikThv-pq^"	"8"	"pq^"	"movement"
"pljUi-rnUThv-qy-jln"	"1"	"plj"	"basehand_handshape"
"pljUi-rnUThv-qy-jln"	"2"	"Ui"	"basehand_palm_facing"
"pljUi-rnUThv-qy-jln"	"3"	"-"	"syllable_separator"
"pljUi-rnUThv-qy-jln"	"4"	"rn"	"handshape"
"pljUi-rnUThv-qy-jln"	"5"	"U"	"palm_facing"
"pljUi-rnUThv-qy-jln"	"6"	"Thv"	"hand_offset"
"pljUi-rnUThv-qy-jln"	"7"	"-"	"syllable_separator"
"pljUi-rnUThv-qy-jln"	"8"	"qy"	"movement"
"pljUi-rnUThv-qy-jln"	"9"	"-"	"syllable_separator"
"pljUi-rnUThv-qy-jln"	"10"	"jln"	"handshape"
"pljUi-yfnM-Thv-rfnz"	"1"	"plj"	"basehand_handshape"
"pljUi-yfnM-Thv-rfnz"	"2"	"Ui"	"basehand_palm_facing"
"pljUi-yfnM-Thv-rfnz"	"3"	"-"	"syllable_separator"
"pljUi-yfnM-Thv-rfnz"	"4"	"yfn"	"handshape"
"pljUi-yfnM-Thv-rfnz"	"5"	"M"	"palm_facing"
"pljUi-yfnM-Thv-rfnz"	"6"	"-"	"syllable_separator"
"pljUi-yfnM-Thv-rfnz"	"7"	"Thv"	"movement"
"pljUi-yfnM-Thv-rfnz"	"8"	"-"	"syllable_separator"
"pljUi-yfnM-Thv-rfnz"	"9"	"rfn"	"handshape"
"pljUi-yfnM-Thv-rfnz"	"10"	"z"	"repetition"
"pljyi-ynikTqk-pqv"	"1"	"plj"	"basehand_handshape"
"pljyi-ynikTqk-pqv"	"2"	"yi"	"basehand_palm_facing"
"pljyi-ynikTqk-pqv"	"3"	"-"	"syllable_separator"
"pljyi-ynikTqk-pqv"	"4"	"yn"	"handshape"
"pljyi-ynikTqk-pqv"	"5"	"ik"	"palm_facing"
"pljyi-ynikTqk-pqv"	"6"	"Tqk"	"hand_offset"
"pljyi-ynikTqk-pqv"	"7"	"-"	"syllable_separator"
"pljyi-ynikTqk-pqv"	"8"	"pqv"	"movement"
"pMi-clnM-Tpv"	"1"	"pMi"	"basehand_palm_facing"
"pMi-clnM-Tpv"	"2"	"-"	"syllable_separator"
"pMi-clnM-Tpv"	"3"	"cln"	"handshape"
"pMi-clnM-Tpv"	"4"	"M"	"palm_facing"
"pMi-clnM-Tpv"	"5"	"-"	"syllable_separator"
"pMi-clnM-Tpv"	"6"	"Tpv"	"movement"
"pMi-clnM-Tq^"	"1"	"pMi"	"basehand_palm_facing"
"pMi-clnM-Tq^"	"2"	"-"	"syllable_separator"
"pMi-clnM-Tq^"	"3"	"cln"	"handshape"
"pMi-clnM-Tq^"	"4"	"M"	"palm_facing"
"pMi-clnM-Tq^"	"5"	"-"	"syllable_separator"
"pMi-clnM-Tq^"	"6"	"Tq^"	"movement"
"pncU-cfnU-Thvz"	"1"	"pnc"	"basehand_handshape"
"pncU-cfnU-Thvz"	"2"	"U"	"basehand_palm_facing"
"pncU-cfnU-Thvz"	"3"	"-"	"syllable_separator"
"pncU-cfnU-Thvz"	"4"	"cfn"	"handshape"
"pncU-cfnU-Thvz"	"5"	"U"	"palm_facing"
"pncU-cfnU-Thvz"	"6"	"-"	"syllable_separator"
"pncU-cfnU-Thvz"	"7"	"Thv"	"movement"
"pncU-cfnU-Thvz"	"8"	"z"	"repetition"
"pnlc-cfnik-Tqk"	"1"	"pnlc"	"basehand_handshape"
"pnlc-cfnik-Tqk"	"2"	"-"	"syllable_separator"
"pnlc-cfnik-Tqk"	"3"	"cfn"	"handshape"
"pnlc-cfnik-Tqk"	"4"	"ik"	"palm_facing"
"pnlc-cfnik-Tqk"	"5"	"-"	"syllable_separator"
"pnlc-cfnik-Tqk"	"6"	"Tqk"	"movement"
"pnlcM-cfnM-qy-Tqk"	"1"	"pnlc"	"basehand_handshape"
"pnlcM-cfnM-qy-Tqk"	"2"	"M"	"basehand_palm_facing"
"pnlcM-cfnM-qy-Tqk"	"3"	"-"	"syllable_separator"
"pnlcM-cfnM-qy-Tqk"	"4"	"cfn"	"handshape"
"pnlcM-cfnM-qy-Tqk"	"5"	"M"	"palm_facing"
"pnlcM-cfnM-qy-Tqk"	"6"	"-"	"syllable_separator"
"pnlcM-cfnM-qy-Tqk"	"7"	"qy"	"movement"
"pnlcM-cfnM-qy-Tqk"	"8"	"-"	"syllable_separator"
"pnlcM-cfnM-qy-Tqk"	"9"	"Tqk"	"movement"
"pU-cnM-Thvz"	"1"	"pU"	"basehand_palm_facing"
"pU-cnM-Thvz"	"2"	"-"	"syllable_separator"
"pU-cnM-Thvz"	"3"	"cn"	"handshape"
"pU-cnM-Thvz"	"4"	"M"	"palm_facing"
"pU-cnM-Thvz"	"5"	"-"	"syllable_separator"
"pU-cnM-Thvz"	"6"	"Thv"	"movement"
"pU-cnM-Thvz"	"7"	"z"	"repetition"
"pUi-clnU-Tqkxzp"	"1"	"pUi"	"basehand_palm_facing"
"pUi-clnU-Tqkxzp"	"2"	"-"	"syllable_separator"
"pUi-clnU-Tqkxzp"	"3"	"cln"	"handshape"
"pUi-clnU-Tqkxzp"	"4"	"U"	"palm_facing"
"pUi-clnU-Tqkxzp"	"5"	"-"	"syllable_separator"
"pUi-clnU-Tqkxzp"	"6"	"Tqkx"	"movement"
"pUi-clnU-Tqkxzp"	"7"	"zp"	"none"
"pUi-jlU-Thvz"	"1"	"pUi"	"basehand_palm_facing"
"pUi-jlU-Thvz"	"2"	"-"	"syllable_separator"
"pUi-jlU-Thvz"	"3"	"jl"	"handshape"
"pUi-jlU-Thvz"	"4"	"U"	"palm_facing"
"pUi-jlU-Thvz"	"5"	"-"	"syllable_separator"
"pUi-jlU-Thvz"	"6"	"Thv"	"movement"
"pUi-jlU-Thvz"	"7"	"z"	"repetition"
"q"	"1"	"q"	"eyeword"
"q-hv"	"1"	"q"	"eyeword"
"q-hv"	"2"	"-hv"	"eyeword"
"q-qk"	"1"	"q"	"eyeword"
"q-qk"	"2"	"-qk"	"eyeword"
"q-qy"	"1"	"q"	"eyeword"
"q-qy"	"2"	"-qy"	"eyeword"
"q^"	"1"	"q^"	"eyeword"
"q~Davis"	"1"	"q"	"eyeword"
"q~Davis"	"2"	"~"	"syllable_separator"
"q~Davis"	"3"	"Davis"	"fingerspelling"
"q~Ken"	"1"	"q"	"eyeword"
"q~Ken"	"2"	"~"	"syllable_separator"
"q~Ken"	"3"	"Ken"	"fingerspelling"
"q~news"	"1"	"q"	"eyeword"
"q~news"	"2"	"~"	"syllable_separator"
"q~news"	"3"	"news"	"fingerspelling"
"q~Sarah"	"1"	"q"	"eyeword"
"q~Sarah"	"2"	"~"	"syllable_separator"
"q~Sarah"	"3"	"Sarah"	"fingerspelling"
"q~so"	"1"	"q"	"eyeword"
"q~so"	"2"	"~"	"syllable_separator"
"q~so"	"3"	"so"	"fingerspelling"
"q~soon"	"1"	"q"	"eyeword"
"q~soon"	"2"	"~"	"syllable_separator"
"q~soon"	"3"	"soon"	"fingerspelling"
"q~was"	"1"	"q"	"eyeword"
"q~was"	"2"	"~"	"syllable_separator"
"q~was"	"3"	"was"	"fingerspelling"
"q~were"	"1"	"q"	"eyeword"
"q~were"	"2"	"~"	"syllable_separator"
"q~were"	"3"	"were"	"fingerspelling"
"qe-^v"	"1"	"qe"	"eyeword"
"qe-^v"	"2"	"-^v"	"eyeword"
"qe-ky"	"1"	"qe"	"eyeword"
"qe-ky"	"2"	"-ky"	"eyeword"
"qk"	"1"	"qk"	"eyeword"
"qy"	"1"	"qy"	"eyeword"
"rflCDik-qvz"	"1"	"rfl"	"handshape"
"rflCDik-qvz"	"2"	"CD"	"location"
"rflCDik-qvz"	"3"	"ik"	"palm_facing"
"rflCDik-qvz"	"4"	"-"	"syllable_separator"
"rflCDik-qvz"	"5"	"qv"	"movement"
"rflCDik-qvz"	"6"	"z"	"repetition"
"rflCDM-qo-ikz"	"1"	"rfl"	"handshape"
"rflCDM-qo-ikz"	"2"	"CD"	"location"
"rflCDM-qo-ikz"	"3"	"M"	"palm_facing"
"rflCDM-qo-ikz"	"4"	"-"	"syllable_separator"
"rflCDM-qo-ikz"	"5"	"qo"	"movement"
"rflCDM-qo-ikz"	"6"	"-"	"syllable_separator"
"rflCDM-qo-ikz"	"7"	"ik"	"palm_facing"
"rflCDM-qo-ikz"	"8"	"z"	"repetition"
"RflCh^ik-Dzqv"	"1"	"rfl"	"handshape"
"RflCh^ik-Dzqv"	"2"	"Ch^"	"location"
"RflCh^ik-Dzqv"	"3"	"ik"	"palm_facing"
"RflCh^ik-Dzqv"	"4"	"-"	"syllable_separator"
"RflCh^ik-Dzqv"	"5"	"D"	"movement"
"RflCh^ik-Dzqv"	"6"	"zqv"	"repetition"
"rflCh^qvDik-qyz"	"1"	"rfl"	"handshape"
"rflCh^qvDik-qyz"	"2"	"Ch^qvD"	"location"
"rflCh^qvDik-qyz"	"3"	"ik"	"palm_facing"
"rflCh^qvDik-qyz"	"4"	"-"	"syllable_separator"
"rflCh^qvDik-qyz"	"5"	"qy"	"movement"
"rflCh^qvDik-qyz"	"6"	"z"	"repetition"
"rflChk^Dik-qo-Uz"	"1"	"rfl"	"handshape"
"rflChk^Dik-qo-Uz"	"2"	"Chk^D"	"location"
"rflChk^Dik-qo-Uz"	"3"	"ik"	"palm_facing"
"rflChk^Dik-qo-Uz"	"4"	"-"	"syllable_separator"
"rflChk^Dik-qo-Uz"	"5"	"qo"	"movement"
"rflChk^Dik-qo-Uz"	"6"	"-"	"syllable_separator"
"rflChk^Dik-qo-Uz"	"7"	"U"	"palm_facing"
"rflChk^Dik-qo-Uz"	"8"	"z"	"repetition"
"rflCiM-hv"	"1"	"rfl"	"handshape"
"rflCiM-hv"	"2"	"C"	"location"
"rflCiM-hv"	"3"	"iM"	"palm_facing"
"rflCiM-hv"	"4"	"-"	"syllable_separator"
"rflCiM-hv"	"5"	"hv"	"movement"
"rflCiM-qkv"	"1"	"rfl"	"handshape"
"rflCiM-qkv"	"2"	"C"	"location"
"rflCiM-qkv"	"3"	"iM"	"palm_facing"
"rflCiM-qkv"	"4"	"-"	"syllable_separator"
"rflCiM-qkv"	"5"	"qkv"	"movement"
"rflCKh^DiM-q^-U"	"1"	"rfl"	"handshape"
"rflCKh^DiM-q^-U"	"2"	"CKh^D"	"location"
"rflCKh^DiM-q^-U"	"3"	"iM"	"palm_facing"
"rflCKh^DiM-q^-U"	"4"	"-"	"syllable_separator"
"rflCKh^DiM-q^-U"	"5"	"q^"	"movement"
"rflCKh^DiM-q^-U"	"6"	"-"	"syllable_separator"
"rflCKh^DiM-q^-U"	"7"	"U"	"palm_facing"
"rflCKhvDiM-qyz"	"1"	"rfl"	"handshape"
"rflCKhvDiM-qyz"	"2"	"CKhvD"	"location"
"rflCKhvDiM-qyz"	"3"	"iM"	"palm_facing"
"rflCKhvDiM-qyz"	"4"	"-"	"syllable_separator"
"rflCKhvDiM-qyz"	"5"	"qy"	"movement"
"rflCKhvDiM-qyz"	"6"	"z"	"repetition"
"rflCKiM-D"	"1"	"rfl"	"handshape"
"rflCKiM-D"	"2"	"CK"	"location"
"rflCKiM-D"	"3"	"iM"	"palm_facing"
"rflCKiM-D"	"4"	"-"	"syllable_separator"
"rflCKiM-D"	"5"	"D"	"movement"
"rflCKiM-Dz"	"1"	"rfl"	"handshape"
"rflCKiM-Dz"	"2"	"CK"	"location"
"rflCKiM-Dz"	"3"	"iM"	"palm_facing"
"rflCKiM-Dz"	"4"	"-"	"syllable_separator"
"rflCKiM-Dz"	"5"	"D"	"movement"
"rflCKiM-Dz"	"6"	"z"	"repetition"
"rflCKiM-qv-yflz"	"1"	"rfl"	"handshape"
"rflCKiM-qv-yflz"	"2"	"CK"	"location"
"rflCKiM-qv-yflz"	"3"	"iM"	"palm_facing"
"rflCKiM-qv-yflz"	"4"	"-"	"syllable_separator"
"rflCKiM-qv-yflz"	"5"	"qv"	"movement"
"rflCKiM-qv-yflz"	"6"	"-"	"syllable_separator"
"rflCKiM-qv-yflz"	"7"	"yfl"	"handshape"
"rflCKiM-qv-yflz"	"8"	"z"	"repetition"
"rflCM-q^z"	"1"	"rfl"	"handshape"
"rflCM-q^z"	"2"	"C"	"location"
"rflCM-q^z"	"3"	"M"	"palm_facing"
"rflCM-q^z"	"4"	"-"	"syllable_separator"
"rflCM-q^z"	"5"	"q^"	"movement"
"rflCM-q^z"	"6"	"z"	"repetition"
"rflDhvU-hv"	"1"	"rfl"	"handshape"
"rflDhvU-hv"	"2"	"Dhv"	"location"
"rflDhvU-hv"	"3"	"U"	"palm_facing"
"rflDhvU-hv"	"4"	"-"	"syllable_separator"
"rflDhvU-hv"	"5"	"hv"	"movement"
"rflDiM-q^z"	"1"	"rfl"	"handshape"
"rflDiM-q^z"	"2"	"D"	"location"
"rflDiM-q^z"	"3"	"iM"	"palm_facing"
"rflDiM-q^z"	"4"	"-"	"syllable_separator"
"rflDiM-q^z"	"5"	"q^"	"movement"
"rflDiM-q^z"	"6"	"z"	"repetition"
"rflDU-hv"	"1"	"rfl"	"handshape"
"rflDU-hv"	"2"	"D"	"location"
"rflDU-hv"	"3"	"U"	"palm_facing"
"rflDU-hv"	"4"	"-"	"syllable_separator"
"rflDU-hv"	"5"	"hv"	"movement"
"rflM-qe"	"1"	"rfl"	"handshape"
"rflM-qe"	"2"	"M"	"palm_facing"
"rflM-qe"	"3"	"-"	"syllable_separator"
"rflM-qe"	"4"	"qe"	"movement"
"rflM-qe-jflz"	"1"	"rfl"	"handshape"
"rflM-qe-jflz"	"2"	"M"	"palm_facing"
"rflM-qe-jflz"	"3"	"-"	"syllable_separator"
"rflM-qe-jflz"	"4"	"qe"	"movement"
"rflM-qe-jflz"	"5"	"-"	"syllable_separator"
"rflM-qe-jflz"	"6"	"jfl"	"handshape"
"rflM-qe-jflz"	"7"	"z"	"repetition"
"rflM-qkz"	"1"	"rfl"	"handshape"
"rflM-qkz"	"2"	"M"	"palm_facing"
"rflM-qkz"	"3"	"-"	"syllable_separator"
"rflM-qkz"	"4"	"qk"	"movement"
"rflM-qkz"	"5"	"z"	"repetition"
"rflU-hvz"	"1"	"rfl"	"handshape"
"rflU-hvz"	"2"	"U"	"palm_facing"
"rflU-hvz"	"3"	"-"	"syllable_separator"
"rflU-hvz"	"4"	"hv"	"movement"
"rflU-hvz"	"5"	"z"	"repetition"
"rflU-hvzy"	"1"	"rfl"	"handshape"
"rflU-hvzy"	"2"	"U"	"palm_facing"
"rflU-hvzy"	"3"	"-"	"syllable_separator"
"rflU-hvzy"	"4"	"hv"	"movement"
"rflU-hvzy"	"5"	"zy"	"repetition"
"rflU-qo-M"	"1"	"rfl"	"handshape"
"rflU-qo-M"	"2"	"U"	"palm_facing"
"rflU-qo-M"	"3"	"-"	"syllable_separator"
"rflU-qo-M"	"4"	"qo"	"movement"
"rflU-qo-M"	"5"	"-"	"syllable_separator"
"rflU-qo-M"	"6"	"M"	"palm_facing"
"rflWDiM-q^"	"1"	"rfl"	"handshape"
"rflWDiM-q^"	"2"	"WD"	"location"
"rflWDiM-q^"	"3"	"iM"	"palm_facing"
"rflWDiM-q^"	"4"	"-"	"syllable_separator"
"rflWDiM-q^"	"5"	"q^"	"movement"
"RflWM-qo-U-qo-iM"	"1"	"rfl"	"handshape"
"RflWM-qo-U-qo-iM"	"2"	"W"	"location"
"RflWM-qo-U-qo-iM"	"3"	"M"	"palm_facing"
"RflWM-qo-U-qo-iM"	"4"	"-"	"syllable_separator"
"RflWM-qo-U-qo-iM"	"5"	"qo"	"movement"
"RflWM-qo-U-qo-iM"	"6"	"-"	"syllable_separator"
"RflWM-qo-U-qo-iM"	"7"	"U"	"palm_facing"
"RflWM-qo-U-qo-iM"	"8"	"-"	"syllable_separator"
"RflWM-qo-U-qo-iM"	"9"	"qo"	"movement"
"RflWM-qo-U-qo-iM"	"10"	"-"	"syllable_separator"
"RflWM-qo-U-qo-iM"	"11"	"iM"	"palm_facing"
"rflWqvDik-h^z"	"1"	"rfl"	"handshape"
"rflWqvDik-h^z"	"2"	"WqvD"	"location"
"rflWqvDik-h^z"	"3"	"ik"	"palm_facing"
"rflWqvDik-h^z"	"4"	"-"	"syllable_separator"
"rflWqvDik-h^z"	"5"	"h^"	"movement"
"rflWqvDik-h^z"	"6"	"z"	"repetition"
"rfM-qe"	"1"	"rf"	"handshape"
"rfM-qe"	"2"	"M"	"palm_facing"
"rfM-qe"	"3"	"-"	"syllable_separator"
"rfM-qe"	"4"	"qe"	"movement"
"rfniM-qe-cfnz"	"1"	"rfn"	"handshape"
"rfniM-qe-cfnz"	"2"	"iM"	"palm_facing"
"rfniM-qe-cfnz"	"3"	"-"	"syllable_separator"
"rfniM-qe-cfnz"	"4"	"qe"	"movement"
"rfniM-qe-cfnz"	"5"	"-"	"syllable_separator"
"rfniM-qe-cfnz"	"6"	"cfn"	"handshape"
"rfniM-qe-cfnz"	"7"	"z"	"repetition"
"rfnM-qe"	"1"	"rfn"	"handshape"
"rfnM-qe"	"2"	"M"	"palm_facing"
"rfnM-qe"	"3"	"-"	"syllable_separator"
"rfnM-qe"	"4"	"qe"	"movement"
"rfnWDiM-qe-cfnz"	"1"	"rfn"	"handshape"
"rfnWDiM-qe-cfnz"	"2"	"WD"	"location"
"rfnWDiM-qe-cfnz"	"3"	"iM"	"palm_facing"
"rfnWDiM-qe-cfnz"	"4"	"-"	"syllable_separator"
"rfnWDiM-qe-cfnz"	"5"	"qe"	"movement"
"rfnWDiM-qe-cfnz"	"6"	"-"	"syllable_separator"
"rfnWDiM-qe-cfnz"	"7"	"cfn"	"handshape"
"rfnWDiM-qe-cfnz"	"8"	"z"	"repetition"
"rnCDM-hvz"	"1"	"rn"	"handshape"
"rnCDM-hvz"	"2"	"CD"	"location"
"rnCDM-hvz"	"3"	"M"	"palm_facing"
"rnCDM-hvz"	"4"	"-"	"syllable_separator"
"rnCDM-hvz"	"5"	"hv"	"movement"
"rnCDM-hvz"	"6"	"z"	"repetition"
"rnCKDik-hv"	"1"	"rn"	"handshape"
"rnCKDik-hv"	"2"	"CKD"	"location"
"rnCKDik-hv"	"3"	"ik"	"palm_facing"
"rnCKDik-hv"	"4"	"-"	"syllable_separator"
"rnCKDik-hv"	"5"	"hv"	"movement"
"rnCKDik-q^"	"1"	"rn"	"handshape"
"rnCKDik-q^"	"2"	"CKD"	"location"
"rnCKDik-q^"	"3"	"ik"	"palm_facing"
"rnCKDik-q^"	"4"	"-"	"syllable_separator"
"rnCKDik-q^"	"5"	"q^"	"movement"
"rnCKik-Dz"	"1"	"rn"	"handshape"
"rnCKik-Dz"	"2"	"CK"	"location"
"rnCKik-Dz"	"3"	"ik"	"palm_facing"
"rnCKik-Dz"	"4"	"-"	"syllable_separator"
"rnCKik-Dz"	"5"	"D"	"movement"
"rnCKik-Dz"	"6"	"z"	"repetition"
"rnCqvik-Dz"	"1"	"rn"	"handshape"
"rnCqvik-Dz"	"2"	"Cqv"	"location"
"rnCqvik-Dz"	"3"	"ik"	"palm_facing"
"rnCqvik-Dz"	"4"	"-"	"syllable_separator"
"rnCqvik-Dz"	"5"	"D"	"movement"
"rnCqvik-Dz"	"6"	"z"	"repetition"
"rnCqvM-q^hv-qD"	"1"	"rn"	"handshape"
"rnCqvM-q^hv-qD"	"2"	"Cqv"	"location"
"rnCqvM-q^hv-qD"	"3"	"M"	"palm_facing"
"rnCqvM-q^hv-qD"	"4"	"-"	"syllable_separator"
"rnCqvM-q^hv-qD"	"5"	"q^hv"	"movement"
"rnCqvM-q^hv-qD"	"6"	"-"	"syllable_separator"
"rnCqvM-q^hv-qD"	"7"	"qD"	"movement"
"rnik-Dzqk"	"1"	"rn"	"handshape"
"rnik-Dzqk"	"2"	"ik"	"palm_facing"
"rnik-Dzqk"	"3"	"-"	"syllable_separator"
"rnik-Dzqk"	"4"	"D"	"movement"
"rnik-Dzqk"	"5"	"zqk"	"repetition"
"rnik-Tqk"	"1"	"rn"	"handshape"
"rnik-Tqk"	"2"	"ik"	"palm_facing"
"rnik-Tqk"	"3"	"-"	"syllable_separator"
"rnik-Tqk"	"4"	"Tqk"	"movement"
"rniM-Dz"	"1"	"rn"	"handshape"
"rniM-Dz"	"2"	"iM"	"palm_facing"
"rniM-Dz"	"3"	"-"	"syllable_separator"
"rniM-Dz"	"4"	"D"	"movement"
"rniM-Dz"	"5"	"z"	"repetition"
"rniU-qe-lululcn"	"1"	"rn"	"handshape"
"rniU-qe-lululcn"	"2"	"iU"	"palm_facing"
"rniU-qe-lululcn"	"3"	"-"	"syllable_separator"
"rniU-qe-lululcn"	"4"	"qe"	"movement"
"rniU-qe-lululcn"	"5"	"-"	"syllable_separator"
"rniU-qe-lululcn"	"6"	"lululcn"	"handshape"
"rnKDiM-h^"	"1"	"rn"	"handshape"
"rnKDiM-h^"	"2"	"KD"	"location"
"rnKDiM-h^"	"3"	"iM"	"palm_facing"
"rnKDiM-h^"	"4"	"-"	"syllable_separator"
"rnKDiM-h^"	"5"	"h^"	"movement"
"rnKDiM-h^z"	"1"	"rn"	"handshape"
"rnKDiM-h^z"	"2"	"KD"	"location"
"rnKDiM-h^z"	"3"	"iM"	"palm_facing"
"rnKDiM-h^z"	"4"	"-"	"syllable_separator"
"rnKDiM-h^z"	"5"	"h^"	"movement"
"rnKDiM-h^z"	"6"	"z"	"repetition"
"rnKDiM-hkv"	"1"	"rn"	"handshape"
"rnKDiM-hkv"	"2"	"KD"	"location"
"rnKDiM-hkv"	"3"	"iM"	"palm_facing"
"rnKDiM-hkv"	"4"	"-"	"syllable_separator"
"rnKDiM-hkv"	"5"	"hkv"	"movement"
"rnKik-hkv-D"	"1"	"rn"	"handshape"
"rnKik-hkv-D"	"2"	"K"	"location"
"rnKik-hkv-D"	"3"	"ik"	"palm_facing"
"rnKik-hkv-D"	"4"	"-"	"syllable_separator"
"rnKik-hkv-D"	"5"	"hkv"	"movement"
"rnKik-hkv-D"	"6"	"-"	"syllable_separator"
"rnKik-hkv-D"	"7"	"D"	"movement"
"rnM-qe"	"1"	"rn"	"handshape"
"rnM-qe"	"2"	"M"	"palm_facing"
"rnM-qe"	"3"	"-"	"syllable_separator"
"rnM-qe"	"4"	"qe"	"movement"
"rnUohv-hvz"	"1"	"rn"	"handshape"
"rnUohv-hvz"	"2"	"Uohv"	"palm_facing"
"rnUohv-hvz"	"3"	"-"	"syllable_separator"
"rnUohv-hvz"	"4"	"hv"	"movement"
"rnUohv-hvz"	"5"	"z"	"repetition"
"rnWDik-hkv"	"1"	"rn"	"handshape"
"rnWDik-hkv"	"2"	"WD"	"location"
"rnWDik-hkv"	"3"	"ik"	"palm_facing"
"rnWDik-hkv"	"4"	"-"	"syllable_separator"
"rnWDik-hkv"	"5"	"hkv"	"movement"
"rnWiM-D"	"1"	"rn"	"handshape"
"rnWiM-D"	"2"	"W"	"location"
"rnWiM-D"	"3"	"iM"	"palm_facing"
"rnWiM-D"	"4"	"-"	"syllable_separator"
"rnWiM-D"	"5"	"D"	"movement"
"yfCDiM-qk"	"1"	"yf"	"handshape"
"yfCDiM-qk"	"2"	"CD"	"location"
"yfCDiM-qk"	"3"	"iM"	"palm_facing"
"yfCDiM-qk"	"4"	"-"	"syllable_separator"
"yfCDiM-qk"	"5"	"qk"	"movement"
"yfCh^ik-Dz"	"1"	"yf"	"handshape"
"yfCh^ik-Dz"	"2"	"Ch^"	"location"
"yfCh^ik-Dz"	"3"	"ik"	"palm_facing"
"yfCh^ik-Dz"	"4"	"-"	"syllable_separator"
"yfCh^ik-Dz"	"5"	"D"	"movement"
"yfCh^ik-Dz"	"6"	"z"	"repetition"
"yfCh^ik-hkv"	"1"	"yf"	"handshape"
"yfCh^ik-hkv"	"2"	"Ch^"	"location"
"yfCh^ik-hkv"	"3"	"ik"	"palm_facing"
"yfCh^ik-hkv"	"4"	"-"	"syllable_separator"
"yfCh^ik-hkv"	"5"	"hkv"	"movement"
"yfCh^ik-qk-cn"	"1"	"yf"	"handshape"
"yfCh^ik-qk-cn"	"2"	"Ch^"	"location"
"yfCh^ik-qk-cn"	"3"	"ik"	"palm_facing"
"yfCh^ik-qk-cn"	"4"	"-"	"syllable_separator"
"yfCh^ik-qk-cn"	"5"	"qk"	"movement"
"yfCh^ik-qk-cn"	"6"	"-"	"syllable_separator"
"yfCh^ik-qk-cn"	"7"	"cn"	"handshape"
"yfCh^ik-qk-U"	"1"	"yf"	"handshape"
"yfCh^ik-qk-U"	"2"	"Ch^"	"location"
"yfCh^ik-qk-U"	"3"	"ik"	"palm_facing"
"yfCh^ik-qk-U"	"4"	"-"	"syllable_separator"
"yfCh^ik-qk-U"	"5"	"qk"	"movement"
"yfCh^ik-qk-U"	"6"	"-"	"syllable_separator"
"yfCh^ik-qk-U"	"7"	"U"	"palm_facing"
"yfCik-D"	"1"	"yf"	"handshape"
"yfCik-D"	"2"	"C"	"location"
"yfCik-D"	"3"	"ik"	"palm_facing"
"yfCik-D"	"4"	"-"	"syllable_separator"
"yfCik-D"	"5"	"D"	"movement"
"yfCik-qk"	"1"	"yf"	"handshape"
"yfCik-qk"	"2"	"C"	"location"
"yfCik-qk"	"3"	"ik"	"palm_facing"
"yfCik-qk"	"4"	"-"	"syllable_separator"
"yfCik-qk"	"5"	"qk"	"movement"
"yfCiU-qk-rnz"	"1"	"yf"	"handshape"
"yfCiU-qk-rnz"	"2"	"C"	"location"
"yfCiU-qk-rnz"	"3"	"iU"	"palm_facing"
"yfCiU-qk-rnz"	"4"	"-"	"syllable_separator"
"yfCiU-qk-rnz"	"5"	"qk"	"movement"
"yfCiU-qk-rnz"	"6"	"-"	"syllable_separator"
"yfCiU-qk-rnz"	"7"	"rn"	"handshape"
"yfCiU-qk-rnz"	"8"	"z"	"repetition"
"yfCKDik-hvzqy"	"1"	"yf"	"handshape"
"yfCKDik-hvzqy"	"2"	"CKD"	"location"
"yfCKDik-hvzqy"	"3"	"ik"	"palm_facing"
"yfCKDik-hvzqy"	"4"	"-"	"syllable_separator"
"yfCKDik-hvzqy"	"5"	"hv"	"movement"
"yfCKDik-hvzqy"	"6"	"zqy"	"repetition"
"yfCKDik-qe-cnz"	"1"	"yf"	"handshape"
"yfCKDik-qe-cnz"	"2"	"CKD"	"location"
"yfCKDik-qe-cnz"	"3"	"ik"	"palm_facing"
"yfCKDik-qe-cnz"	"4"	"-"	"syllable_separator"
"yfCKDik-qe-cnz"	"5"	"qe"	"movement"
"yfCKDik-qe-cnz"	"6"	"-"	"syllable_separator"
"yfCKDik-qe-cnz"	"7"	"cn"	"handshape"
"yfCKDik-qe-cnz"	"8"	"z"	"repetition"
"yfCKDik-qo-M"	"1"	"yf"	"handshape"
"yfCKDik-qo-M"	"2"	"CKD"	"location"
"yfCKDik-qo-M"	"3"	"ik"	"palm_facing"
"yfCKDik-qo-M"	"4"	"-"	"syllable_separator"
"yfCKDik-qo-M"	"5"	"qo"	"movement"
"yfCKDik-qo-M"	"6"	"-"	"syllable_separator"
"yfCKDik-qo-M"	"7"	"M"	"palm_facing"
"yfCKhvDik-hv-cn"	"1"	"yf"	"handshape"
"yfCKhvDik-hv-cn"	"2"	"CKhvD"	"location"
"yfCKhvDik-hv-cn"	"3"	"ik"	"palm_facing"
"yfCKhvDik-hv-cn"	"4"	"-"	"syllable_separator"
"yfCKhvDik-hv-cn"	"5"	"hv"	"movement"
"yfCKhvDik-hv-cn"	"6"	"-"	"syllable_separator"
"yfCKhvDik-hv-cn"	"7"	"cn"	"handshape"
"yfCKhvDiM-qkz"	"1"	"yf"	"handshape"
"yfCKhvDiM-qkz"	"2"	"CKhvD"	"location"
"yfCKhvDiM-qkz"	"3"	"iM"	"palm_facing"
"yfCKhvDiM-qkz"	"4"	"-"	"syllable_separator"
"yfCKhvDiM-qkz"	"5"	"qk"	"movement"
"yfCKhvDiM-qkz"	"6"	"z"	"repetition"
"yfCM-Dzhv-iU"	"1"	"yf"	"handshape"
"yfCM-Dzhv-iU"	"2"	"C"	"location"
"yfCM-Dzhv-iU"	"3"	"M"	"palm_facing"
"yfCM-Dzhv-iU"	"4"	"-"	"syllable_separator"
"yfCM-Dzhv-iU"	"5"	"D"	"movement"
"yfCM-Dzhv-iU"	"6"	"zhv"	"repetition"
"yfCM-Dzhv-iU"	"7"	"-"	"syllable_separator"
"yfCM-Dzhv-iU"	"8"	"iU"	"palm_facing"
"yfCM-qo-ikz"	"1"	"yf"	"handshape"
"yfCM-qo-ikz"	"2"	"C"	"location"
"yfCM-qo-ikz"	"3"	"M"	"palm_facing"
"yfCM-qo-ikz"	"4"	"-"	"syllable_separator"
"yfCM-qo-ikz"	"5"	"qo"	"movement"
"yfCM-qo-ikz"	"6"	"-"	"syllable_separator"
"yfCM-qo-ikz"	"7"	"ik"	"palm_facing"
"yfCM-qo-ikz"	"8"	"z"	"repetition"
"YfCM-qv-iM"	"1"	"yf"	"handshape"
"YfCM-qv-iM"	"2"	"C"	"location"
"YfCM-qv-iM"	"3"	"M"	"palm_facing"
"YfCM-qv-iM"	"4"	"-"	"syllable_separator"
"YfCM-qv-iM"	"5"	"qv"	"movement"
"YfCM-qv-iM"	"6"	"-"	"syllable_separator"
"YfCM-qv-iM"	"7"	"iM"	"palm_facing"
"yfDiM-hv"	"1"	"yf"	"handshape"
"yfDiM-hv"	"2"	"D"	"location"
"yfDiM-hv"	"3"	"iM"	"palm_facing"
"yfDiM-hv"	"4"	"-"	"syllable_separator"
"yfDiM-hv"	"5"	"hv"	"movement"
"yfDiM-hvz"	"1"	"yf"	"handshape"
"yfDiM-hvz"	"2"	"D"	"location"
"yfDiM-hvz"	"3"	"iM"	"palm_facing"
"yfDiM-hvz"	"4"	"-"	"syllable_separator"
"yfDiM-hvz"	"5"	"hv"	"movement"
"yfDiM-hvz"	"6"	"z"	"repetition"
"yfDU-qo-iMz"	"1"	"yf"	"handshape"
"yfDU-qo-iMz"	"2"	"D"	"location"
"yfDU-qo-iMz"	"3"	"U"	"palm_facing"
"yfDU-qo-iMz"	"4"	"-"	"syllable_separator"
"yfDU-qo-iMz"	"5"	"qo"	"movement"
"yfDU-qo-iMz"	"6"	"-"	"syllable_separator"
"yfDU-qo-iMz"	"7"	"iM"	"palm_facing"
"yfDU-qo-iMz"	"8"	"z"	"repetition"
"yffnM-qe"	"1"	"yffn"	"handshape"
"yffnM-qe"	"2"	"M"	"palm_facing"
"yffnM-qe"	"3"	"-"	"syllable_separator"
"yffnM-qe"	"4"	"qe"	"movement"
"yffnM-qe-rffn"	"1"	"yffn"	"handshape"
"yffnM-qe-rffn"	"2"	"M"	"palm_facing"
"yffnM-qe-rffn"	"3"	"-"	"syllable_separator"
"yffnM-qe-rffn"	"4"	"qe"	"movement"
"yffnM-qe-rffn"	"5"	"-"	"syllable_separator"
"yffnM-qe-rffn"	"6"	"rffn"	"handshape"
"yfik-qe-cnz"	"1"	"yf"	"handshape"
"yfik-qe-cnz"	"2"	"ik"	"palm_facing"
"yfik-qe-cnz"	"3"	"-"	"syllable_separator"
"yfik-qe-cnz"	"4"	"qe"	"movement"
"yfik-qe-cnz"	"5"	"-"	"syllable_separator"
"yfik-qe-cnz"	"6"	"cn"	"handshape"
"yfik-qe-cnz"	"7"	"z"	"repetition"
"yfikohv-hvz"	"1"	"yf"	"handshape"
"yfikohv-hvz"	"2"	"ikohv"	"palm_facing"
"yfikohv-hvz"	"3"	"-"	"syllable_separator"
"yfikohv-hvz"	"4"	"hv"	"movement"
"yfikohv-hvz"	"5"	"z"	"repetition"
"yfikohv-hvzqy"	"1"	"yf"	"handshape"
"yfikohv-hvzqy"	"2"	"ikohv"	"palm_facing"
"yfikohv-hvzqy"	"3"	"-"	"syllable_separator"
"yfikohv-hvzqy"	"4"	"hv"	"movement"
"yfikohv-hvzqy"	"5"	"zqy"	"repetition"
"yfiM-D"	"1"	"yf"	"handshape"
"yfiM-D"	"2"	"iM"	"palm_facing"
"yfiM-D"	"3"	"-"	"syllable_separator"
"yfiM-D"	"4"	"D"	"movement"
"yfiM-Dz"	"1"	"yf"	"handshape"
"yfiM-Dz"	"2"	"iM"	"palm_facing"
"yfiM-Dz"	"3"	"-"	"syllable_separator"
"yfiM-Dz"	"4"	"D"	"movement"
"yfiM-Dz"	"5"	"z"	"repetition"
"YfKDM-hvry"	"1"	"yf"	"handshape"
"YfKDM-hvry"	"2"	"KD"	"location"
"YfKDM-hvry"	"3"	"M"	"palm_facing"
"YfKDM-hvry"	"4"	"-"	"syllable_separator"
"YfKDM-hvry"	"5"	"hvry"	"movement"
"yfKM-Dz"	"1"	"yf"	"handshape"
"yfKM-Dz"	"2"	"K"	"location"
"yfKM-Dz"	"3"	"M"	"palm_facing"
"yfKM-Dz"	"4"	"-"	"syllable_separator"
"yfKM-Dz"	"5"	"D"	"movement"
"yfKM-Dz"	"6"	"z"	"repetition"
"yfKM-Dzqy"	"1"	"yf"	"handshape"
"yfKM-Dzqy"	"2"	"K"	"location"
"yfKM-Dzqy"	"3"	"M"	"palm_facing"
"yfKM-Dzqy"	"4"	"-"	"syllable_separator"
"yfKM-Dzqy"	"5"	"D"	"movement"
"yfKM-Dzqy"	"6"	"zqy"	"repetition"
"yfKM-hkv-D"	"1"	"yf"	"handshape"
"yfKM-hkv-D"	"2"	"K"	"location"
"yfKM-hkv-D"	"3"	"M"	"palm_facing"
"yfKM-hkv-D"	"4"	"-"	"syllable_separator"
"yfKM-hkv-D"	"5"	"hkv"	"movement"
"yfKM-hkv-D"	"6"	"-"	"syllable_separator"
"yfKM-hkv-D"	"7"	"D"	"movement"
"yflCKh^iM-D-rfl--yfnWKDM-qv"	"1"	"yfl"	"handshape"
"yflCKh^iM-D-rfl--yfnWKDM-qv"	"2"	"CKh^"	"location"
"yflCKh^iM-D-rfl--yfnWKDM-qv"	"3"	"iM"	"palm_facing"
"yflCKh^iM-D-rfl--yfnWKDM-qv"	"4"	"-"	"syllable_separator"
"yflCKh^iM-D-rfl--yfnWKDM-qv"	"5"	"D"	"movement"
"yflCKh^iM-D-rfl--yfnWKDM-qv"	"6"	"-"	"syllable_separator"
"yflCKh^iM-D-rfl--yfnWKDM-qv"	"7"	"rfl"	"handshape"
"yflCKh^iM-D-rfl--yfnWKDM-qv"	"8"	"--"	"word_separator"
"yflCKh^iM-D-rfl--yfnWKDM-qv"	"9"	"yfn"	"handshape"
"yflCKh^iM-D-rfl--yfnWKDM-qv"	"10"	"WKD"	"location"
"yflCKh^iM-D-rfl--yfnWKDM-qv"	"11"	"M"	"palm_facing"
"yflCKh^iM-D-rfl--yfnWKDM-qv"	"12"	"-"	"syllable_separator"
"yflCKh^iM-D-rfl--yfnWKDM-qv"	"13"	"qv"	"movement"
"yflM-qe"	"1"	"yfl"	"handshape"
"yflM-qe"	"2"	"M"	"palm_facing"
"yflM-qe"	"3"	"-"	"syllable_separator"
"yflM-qe"	"4"	"qe"	"movement"
"yflU-qo-rflM"	"1"	"yfl"	"handshape"
"yflU-qo-rflM"	"2"	"U"	"palm_facing"
"yflU-qo-rflM"	"3"	"-"	"syllable_separator"
"yflU-qo-rflM"	"4"	"qo"	"movement"
"yflU-qo-rflM"	"5"	"-"	"syllable_separator"
"yflU-qo-rflM"	"6"	"rfl"	"handshape"
"yflU-qo-rflM"	"7"	"M"	"palm_facing"
"yfM-q^-U"	"1"	"yf"	"handshape"
"yfM-q^-U"	"2"	"M"	"palm_facing"
"yfM-q^-U"	"3"	"-"	"syllable_separator"
"yfM-q^-U"	"4"	"q^"	"movement"
"yfM-q^-U"	"5"	"-"	"syllable_separator"
"yfM-q^-U"	"6"	"U"	"palm_facing"
"yfM-qe"	"1"	"yf"	"handshape"
"yfM-qe"	"2"	"M"	"palm_facing"
"yfM-qe"	"3"	"-"	"syllable_separator"
"yfM-qe"	"4"	"qe"	"movement"
"yfM-qkz"	"1"	"yf"	"handshape"
"yfM-qkz"	"2"	"M"	"palm_facing"
"yfM-qkz"	"3"	"-"	"syllable_separator"
"yfM-qkz"	"4"	"qk"	"movement"
"yfM-qkz"	"5"	"z"	"repetition"
"YfM-qy-hv"	"1"	"yf"	"handshape"
"YfM-qy-hv"	"2"	"M"	"palm_facing"
"YfM-qy-hv"	"3"	"-"	"syllable_separator"
"YfM-qy-hv"	"4"	"qy"	"movement"
"YfM-qy-hv"	"5"	"-"	"syllable_separator"
"YfM-qy-hv"	"6"	"hv"	"movement"
"yfnCh^Dik-qy-rfnz"	"1"	"yfn"	"handshape"
"yfnCh^Dik-qy-rfnz"	"2"	"Ch^D"	"location"
"yfnCh^Dik-qy-rfnz"	"3"	"ik"	"palm_facing"
"yfnCh^Dik-qy-rfnz"	"4"	"-"	"syllable_separator"
"yfnCh^Dik-qy-rfnz"	"5"	"qy"	"movement"
"yfnCh^Dik-qy-rfnz"	"6"	"-"	"syllable_separator"
"yfnCh^Dik-qy-rfnz"	"7"	"rfn"	"handshape"
"yfnCh^Dik-qy-rfnz"	"8"	"z"	"repetition"
"yfnCh^ik-qv"	"1"	"yfn"	"handshape"
"yfnCh^ik-qv"	"2"	"Ch^"	"location"
"yfnCh^ik-qv"	"3"	"ik"	"palm_facing"
"yfnCh^ik-qv"	"4"	"-"	"syllable_separator"
"yfnCh^ik-qv"	"5"	"qv"	"movement"
"yfnCKDM-qe-rfnz"	"1"	"yfn"	"handshape"
"yfnCKDM-qe-rfnz"	"2"	"CKD"	"location"
"yfnCKDM-qe-rfnz"	"3"	"M"	"palm_facing"
"yfnCKDM-qe-rfnz"	"4"	"-"	"syllable_separator"
"yfnCKDM-qe-rfnz"	"5"	"qe"	"movement"
"yfnCKDM-qe-rfnz"	"6"	"-"	"syllable_separator"
"yfnCKDM-qe-rfnz"	"7"	"rfn"	"handshape"
"yfnCKDM-qe-rfnz"	"8"	"z"	"repetition"
"yfnCKDM-qo-Uz"	"1"	"yfn"	"handshape"
"yfnCKDM-qo-Uz"	"2"	"CKD"	"location"
"yfnCKDM-qo-Uz"	"3"	"M"	"palm_facing"
"yfnCKDM-qo-Uz"	"4"	"-"	"syllable_separator"
"yfnCKDM-qo-Uz"	"5"	"qo"	"movement"
"yfnCKDM-qo-Uz"	"6"	"-"	"syllable_separator"
"yfnCKDM-qo-Uz"	"7"	"U"	"palm_facing"
"yfnCKDM-qo-Uz"	"8"	"z"	"repetition"
"yfnCKhvDiM-qy"	"1"	"yfn"	"handshape"
"yfnCKhvDiM-qy"	"2"	"CKhvD"	"location"
"yfnCKhvDiM-qy"	"3"	"iM"	"palm_facing"
"yfnCKhvDiM-qy"	"4"	"-"	"syllable_separator"
"yfnCKhvDiM-qy"	"5"	"qy"	"movement"
"yfnCKhvDiM-qyz"	"1"	"yfn"	"handshape"
"yfnCKhvDiM-qyz"	"2"	"CKhvD"	"location"
"yfnCKhvDiM-qyz"	"3"	"iM"	"palm_facing"
"yfnCKhvDiM-qyz"	"4"	"-"	"syllable_separator"
"yfnCKhvDiM-qyz"	"5"	"qy"	"movement"
"yfnCKhvDiM-qyz"	"6"	"z"	"repetition"
"yfnCKU-Dzhv"	"1"	"yfn"	"handshape"
"yfnCKU-Dzhv"	"2"	"CK"	"location"
"yfnCKU-Dzhv"	"3"	"U"	"palm_facing"
"yfnCKU-Dzhv"	"4"	"-"	"syllable_separator"
"yfnCKU-Dzhv"	"5"	"D"	"movement"
"yfnCKU-Dzhv"	"6"	"zhv"	"repetition"
"yfnik-qe"	"1"	"yfn"	"handshape"
"yfnik-qe"	"2"	"ik"	"palm_facing"
"yfnik-qe"	"3"	"-"	"syllable_separator"
"yfnik-qe"	"4"	"qe"	"movement"
"yfniU-qe-rfnz"	"1"	"yfn"	"handshape"
"yfniU-qe-rfnz"	"2"	"iU"	"palm_facing"
"yfniU-qe-rfnz"	"3"	"-"	"syllable_separator"
"yfniU-qe-rfnz"	"4"	"qe"	"movement"
"yfniU-qe-rfnz"	"5"	"-"	"syllable_separator"
"yfniU-qe-rfnz"	"6"	"rfn"	"handshape"
"yfniU-qe-rfnz"	"7"	"z"	"repetition"
"yfniU-qe-rfnzqkv"	"1"	"yfn"	"handshape"
"yfniU-qe-rfnzqkv"	"2"	"iU"	"palm_facing"
"yfniU-qe-rfnzqkv"	"3"	"-"	"syllable_separator"
"yfniU-qe-rfnzqkv"	"4"	"qe"	"movement"
"yfniU-qe-rfnzqkv"	"5"	"-"	"syllable_separator"
"yfniU-qe-rfnzqkv"	"6"	"rfn"	"handshape"
"yfniU-qe-rfnzqkv"	"7"	"zqkv"	"repetition"
"yfniU-qoz"	"1"	"yfn"	"handshape"
"yfniU-qoz"	"2"	"iU"	"palm_facing"
"yfniU-qoz"	"3"	"-"	"syllable_separator"
"yfniU-qoz"	"4"	"qo"	"movement"
"yfniU-qoz"	"5"	"z"	"repetition"
"yfnKDiM-qe-rfnz"	"1"	"yfn"	"handshape"
"yfnKDiM-qe-rfnz"	"2"	"KD"	"location"
"yfnKDiM-qe-rfnz"	"3"	"iM"	"palm_facing"
"yfnKDiM-qe-rfnz"	"4"	"-"	"syllable_separator"
"yfnKDiM-qe-rfnz"	"5"	"qe"	"movement"
"yfnKDiM-qe-rfnz"	"6"	"-"	"syllable_separator"
"yfnKDiM-qe-rfnz"	"7"	"rfn"	"handshape"
"yfnKDiM-qe-rfnz"	"8"	"z"	"repetition"
"yfnKDU-hvry"	"1"	"yfn"	"handshape"
"yfnKDU-hvry"	"2"	"KD"	"location"
"yfnKDU-hvry"	"3"	"U"	"palm_facing"
"yfnKDU-hvry"	"4"	"-"	"syllable_separator"
"yfnKDU-hvry"	"5"	"hvry"	"movement"
"yfnKM-Dz"	"1"	"yfn"	"handshape"
"yfnKM-Dz"	"2"	"K"	"location"
"yfnKM-Dz"	"3"	"M"	"palm_facing"
"yfnKM-Dz"	"4"	"-"	"syllable_separator"
"yfnKM-Dz"	"5"	"D"	"movement"
"yfnKM-Dz"	"6"	"z"	"repetition"
"yfnM-qe"	"1"	"yfn"	"handshape"
"yfnM-qe"	"2"	"M"	"palm_facing"
"yfnM-qe"	"3"	"-"	"syllable_separator"
"yfnM-qe"	"4"	"qe"	"movement"
"yfnM-qy-hv-U"	"1"	"yfn"	"handshape"
"yfnM-qy-hv-U"	"2"	"M"	"palm_facing"
"yfnM-qy-hv-U"	"3"	"-"	"syllable_separator"
"yfnM-qy-hv-U"	"4"	"qy"	"movement"
"yfnM-qy-hv-U"	"5"	"-"	"syllable_separator"
"yfnM-qy-hv-U"	"6"	"hv"	"movement"
"yfnM-qy-hv-U"	"7"	"-"	"syllable_separator"
"yfnM-qy-hv-U"	"8"	"U"	"palm_facing"
"yfnU-qe"	"1"	"yfn"	"handshape"
"yfnU-qe"	"2"	"U"	"palm_facing"
"yfnU-qe"	"3"	"-"	"syllable_separator"
"yfnU-qe"	"4"	"qe"	"movement"
"yfU-dkvhyv"	"1"	"yf"	"handshape"
"yfU-dkvhyv"	"2"	"U"	"palm_facing"
"yfU-dkvhyv"	"3"	"-"	"syllable_separator"
"yfU-dkvhyv"	"4"	"dkvhyv"	"movement"
"yfuik-qy-rf"	"1"	"yfu"	"handshape"
"yfuik-qy-rf"	"2"	"ik"	"palm_facing"
"yfuik-qy-rf"	"3"	"-"	"syllable_separator"
"yfuik-qy-rf"	"4"	"qy"	"movement"
"yfuik-qy-rf"	"5"	"-"	"syllable_separator"
"yfuik-qy-rf"	"6"	"rf"	"handshape"
"yfuiU-pqv"	"1"	"yfu"	"handshape"
"yfuiU-pqv"	"2"	"iU"	"palm_facing"
"yfuiU-pqv"	"3"	"-"	"syllable_separator"
"yfuiU-pqv"	"4"	"pqv"	"movement"
"yfuiU-qv"	"1"	"yfu"	"handshape"
"yfuiU-qv"	"2"	"iU"	"palm_facing"
"yfuiU-qv"	"3"	"-"	"syllable_separator"
"yfuiU-qv"	"4"	"qv"	"movement"
"yfuM-qe"	"1"	"yfu"	"handshape"
"yfuM-qe"	"2"	"M"	"palm_facing"
"yfuM-qe"	"3"	"-"	"syllable_separator"
"yfuM-qe"	"4"	"qe"	"movement"
"yfuU-pqD-cf"	"1"	"yfu"	"handshape"
"yfuU-pqD-cf"	"2"	"U"	"palm_facing"
"yfuU-pqD-cf"	"3"	"-"	"syllable_separator"
"yfuU-pqD-cf"	"4"	"pqD"	"movement"
"yfuU-pqD-cf"	"5"	"-"	"syllable_separator"
"yfuU-pqD-cf"	"6"	"cf"	"handshape"
"yfWDik-q^"	"1"	"yf"	"handshape"
"yfWDik-q^"	"2"	"WD"	"location"
"yfWDik-q^"	"3"	"ik"	"palm_facing"
"yfWDik-q^"	"4"	"-"	"syllable_separator"
"yfWDik-q^"	"5"	"q^"	"movement"
"yfWDik-q^-rf"	"1"	"yf"	"handshape"
"yfWDik-q^-rf"	"2"	"WD"	"location"
"yfWDik-q^-rf"	"3"	"ik"	"palm_facing"
"yfWDik-q^-rf"	"4"	"-"	"syllable_separator"
"yfWDik-q^-rf"	"5"	"q^"	"movement"
"yfWDik-q^-rf"	"6"	"-"	"syllable_separator"
"yfWDik-q^-rf"	"7"	"rf"	"handshape"
"yfWDik-qe-rfz"	"1"	"yf"	"handshape"
"yfWDik-qe-rfz"	"2"	"WD"	"location"
"yfWDik-qe-rfz"	"3"	"ik"	"palm_facing"
"yfWDik-qe-rfz"	"4"	"-"	"syllable_separator"
"yfWDik-qe-rfz"	"5"	"qe"	"movement"
"yfWDik-qe-rfz"	"6"	"-"	"syllable_separator"
"yfWDik-qe-rfz"	"7"	"rf"	"handshape"
"yfWDik-qe-rfz"	"8"	"z"	"repetition"
"yfWiU-D"	"1"	"yf"	"handshape"
"yfWiU-D"	"2"	"W"	"location"
"yfWiU-D"	"3"	"iU"	"palm_facing"
"yfWiU-D"	"4"	"-"	"syllable_separator"
"yfWiU-D"	"5"	"D"	"movement"
"yfWiU-Dz"	"1"	"yf"	"handshape"
"yfWiU-Dz"	"2"	"W"	"location"
"yfWiU-Dz"	"3"	"iU"	"palm_facing"
"yfWiU-Dz"	"4"	"-"	"syllable_separator"
"yfWiU-Dz"	"5"	"D"	"movement"
"yfWiU-Dz"	"6"	"z"	"repetition"
"yfWM-qo-ikz"	"1"	"yf"	"handshape"
"yfWM-qo-ikz"	"2"	"W"	"location"
"yfWM-qo-ikz"	"3"	"M"	"palm_facing"
"yfWM-qo-ikz"	"4"	"-"	"syllable_separator"
"yfWM-qo-ikz"	"5"	"qo"	"movement"
"yfWM-qo-ikz"	"6"	"-"	"syllable_separator"
"yfWM-qo-ikz"	"7"	"ik"	"palm_facing"
"yfWM-qo-ikz"	"8"	"z"	"repetition"
"ylflM-qe"	"1"	"ylfl"	"handshape"
"ylflM-qe"	"2"	"M"	"palm_facing"
"ylflM-qe"	"3"	"-"	"syllable_separator"
"ylflM-qe"	"4"	"qe"	"movement"
"ynDU-h^"	"1"	"yn"	"handshape"
"ynDU-h^"	"2"	"D"	"location"
"ynDU-h^"	"3"	"U"	"palm_facing"
"ynDU-h^"	"4"	"-"	"syllable_separator"
"ynDU-h^"	"5"	"h^"	"movement"
"ynikTqk-h^"	"1"	"yn"	"handshape"
"ynikTqk-h^"	"2"	"ik"	"palm_facing"
"ynikTqk-h^"	"3"	"Tqk"	"hand_offset"
"ynikTqk-h^"	"4"	"-"	"syllable_separator"
"ynikTqk-h^"	"5"	"h^"	"movement"
